{
  "timestamp": "2026-06-21T07:07:14.205596",
  "n_sessions": 39,
  "n_regions_analyzed": 36,
  "region_results": {
    "ACA": {
      "power_law_alpha": 13.451252027644427,
      "effective_dim": 12.664388566533551,
      "invariance_score": 0.07610761805893362,
      "kruskal_p": 1.113179546041181e-60,
      "coef_cv": 6.813077279983808,
      "mean_coef_cosine": 0.013388705271229966,
      "n_mice": 8,
      "mean_accuracy": 0.6739301352852755,
      "mouse_accuracies": [
        0.6682242990654206,
        0.788,
        0.632,
        0.564,
        0.668,
        0.7832167832167832,
        0.584,
        0.704
      ]
    },
    "CA3": {
      "power_law_alpha": 9.64708796144409,
      "effective_dim": 14.687729877319885,
      "invariance_score": 0.09479529197459324,
      "kruskal_p": 7.503682932780415e-43,
      "coef_cv": 5.091997001876846,
      "mean_coef_cosine": -0.07334220708278462,
      "n_mice": 6,
      "mean_accuracy": 0.638662449437138,
      "mouse_accuracies": [
        0.6682242990654206,
        0.704,
        0.604,
        0.612,
        0.6708860759493671,
        0.5728643216080402
      ]
    },
    "DG": {
      "power_law_alpha": 24.456553881694894,
      "effective_dim": 9.82504102065759,
      "invariance_score": 0.17591188945982783,
      "kruskal_p": 6.41995847326129e-79,
      "coef_cv": 2.99017689213077,
      "mean_coef_cosine": 0.09746009648499657,
      "n_mice": 10,
      "mean_accuracy": 0.6889334647924399,
      "mouse_accuracies": [
        0.75,
        0.788,
        0.608,
        0.632,
        0.6963562753036437,
        0.6357615894039735,
        0.708,
        0.7832167832167832,
        0.584,
        0.704
      ]
    },
    "LS": {
      "power_law_alpha": 1.3584925930819642,
      "effective_dim": 24.896750833294522,
      "invariance_score": 0.2829908948589386,
      "kruskal_p": 6.337632978900315e-18,
      "coef_cv": 2.903091104815885,
      "mean_coef_cosine": -0.11929757399395198,
      "n_mice": 3,
      "mean_accuracy": 0.6744803607607346,
      "mouse_accuracies": [
        0.6682242990654206,
        0.7832167832167832,
        0.572
      ]
    },
    "MOs": {
      "power_law_alpha": 19.328741573699205,
      "effective_dim": 13.200694318770445,
      "invariance_score": 0.11635044324793431,
      "kruskal_p": 3.429649169363064e-62,
      "coef_cv": 7.109309262766288,
      "mean_coef_cosine": 0.05636159828344846,
      "n_mice": 9,
      "mean_accuracy": 0.6395804776739356,
      "mouse_accuracies": [
        0.6682242990654206,
        0.788,
        0.604,
        0.552,
        0.584,
        0.668,
        0.604,
        0.584,
        0.704
      ]
    },
    "SUB": {
      "power_law_alpha": 1.9143607599731014,
      "effective_dim": 14.086783183886698,
      "invariance_score": 0.25450446660248993,
      "kruskal_p": 3.3749677813354946e-48,
      "coef_cv": 3.2807480684125196,
      "mean_coef_cosine": 0.16138290279916206,
      "n_mice": 7,
      "mean_accuracy": 0.6976853367979782,
      "mouse_accuracies": [
        0.6682242990654206,
        0.788,
        0.612,
        0.632,
        0.6963562753036437,
        0.7832167832167832,
        0.704
      ]
    },
    "VISp": {
      "power_law_alpha": 8.430971277774733,
      "effective_dim": 15.208158102150803,
      "invariance_score": 0.09071432443245708,
      "kruskal_p": 1.2413713950717466e-67,
      "coef_cv": 25.787595447754295,
      "mean_coef_cosine": 0.026176111771934397,
      "n_mice": 8,
      "mean_accuracy": 0.6864880158933606,
      "mouse_accuracies": [
        0.75,
        0.7951807228915663,
        0.604,
        0.632,
        0.7787234042553192,
        0.56,
        0.668,
        0.704
      ]
    },
    "root": {
      "power_law_alpha": 15.00283179399933,
      "effective_dim": 18.373238685540443,
      "invariance_score": 0.0845409953143974,
      "kruskal_p": 2.689032359411201e-67,
      "coef_cv": 7.497972982823143,
      "mean_coef_cosine": -0.01991824387675102,
      "n_mice": 10,
      "mean_accuracy": 0.65867438256251,
      "mouse_accuracies": [
        0.672,
        0.788,
        0.536,
        0.636,
        0.6963562753036437,
        0.6256684491978609,
        0.7247191011235955,
        0.604,
        0.6,
        0.704
      ]
    },
    "CA1": {
      "power_law_alpha": 17.62417341864879,
      "effective_dim": 12.107381173889205,
      "invariance_score": 0.059875815259361254,
      "kruskal_p": 1.1568406481688282e-77,
      "coef_cv": 12.955633529253287,
      "mean_coef_cosine": -0.04163938169202096,
      "n_mice": 10,
      "mean_accuracy": 0.6793241507718287,
      "mouse_accuracies": [
        0.672,
        0.788,
        0.604,
        0.632,
        0.6963562753036437,
        0.6256684491978609,
        0.708,
        0.7832167832167832,
        0.58,
        0.704
      ]
    },
    "POST": {
      "power_law_alpha": 25.338229823985692,
      "effective_dim": 12.345062613618822,
      "invariance_score": 0.3874660424344011,
      "kruskal_p": 1.6641241796956917e-16,
      "coef_cv": 2.7012557299064315,
      "mean_coef_cosine": 0.09884145572167796,
      "n_mice": 3,
      "mean_accuracy": 0.6234824191279889,
      "mouse_accuracies": [
        0.672,
        0.536,
        0.6624472573839663
      ]
    },
    "VISpm": {
      "power_law_alpha": 1.769457807491277,
      "effective_dim": 18.11316797558535,
      "invariance_score": 0.2827444529499633,
      "kruskal_p": 4.843750129018916e-29,
      "coef_cv": 3.880666611887841,
      "mean_coef_cosine": 0.230786634461862,
      "n_mice": 4,
      "mean_accuracy": 0.6939287163366438,
      "mouse_accuracies": [
        0.672,
        0.6963562753036437,
        0.6256684491978609,
        0.7816901408450704
      ]
    },
    "MRN": {
      "power_law_alpha": 5.592189639712994,
      "effective_dim": 12.196528203336351,
      "invariance_score": 0.05170615389358324,
      "kruskal_p": 1.976971125215904e-29,
      "coef_cv": 12.850097865273241,
      "mean_coef_cosine": -0.08837792426773315,
      "n_mice": 7,
      "mean_accuracy": 0.6277142857142858,
      "mouse_accuracies": [
        0.75,
        0.612,
        0.564,
        0.58,
        0.664,
        0.604,
        0.62
      ]
    },
    "VISam": {
      "power_law_alpha": 6.23774835684517,
      "effective_dim": 15.316903436018315,
      "invariance_score": 0.04580532280506311,
      "kruskal_p": 9.417103345264119e-52,
      "coef_cv": 8.186364529980569,
      "mean_coef_cosine": -0.03852813284492774,
      "n_mice": 8,
      "mean_accuracy": 0.6647647330884521,
      "mouse_accuracies": [
        0.75,
        0.604,
        0.632,
        0.6963562753036437,
        0.6357615894039735,
        0.708,
        0.588,
        0.704
      ]
    },
    "LGd": {
      "power_law_alpha": 1.634626978628369,
      "effective_dim": 24.729539412280147,
      "invariance_score": 0.23565475927408652,
      "kruskal_p": 1.0424608588175148e-24,
      "coef_cv": 5.810663264445268,
      "mean_coef_cosine": 0.046927973432875095,
      "n_mice": 5,
      "mean_accuracy": 0.6832091871331841,
      "mouse_accuracies": [
        0.7951807228915663,
        0.552,
        0.7787234042553192,
        0.7172774869109948,
        0.5728643216080402
      ]
    },
    "TH": {
      "power_law_alpha": 7.668775456724045,
      "effective_dim": 19.652926284818413,
      "invariance_score": 0.1487629811792196,
      "kruskal_p": 2.0566237005889306e-36,
      "coef_cv": 3.415143787495726,
      "mean_coef_cosine": 0.01945947405837299,
      "n_mice": 6,
      "mean_accuracy": 0.6561951102732143,
      "mouse_accuracies": [
        0.696,
        0.552,
        0.656,
        0.7787234042553192,
        0.6624472573839663,
        0.592
      ]
    },
    "VISa": {
      "power_law_alpha": 2.206590920889144,
      "effective_dim": 12.186874659407934,
      "invariance_score": 0.2821564569076749,
      "kruskal_p": 2.4391475178613667e-20,
      "coef_cv": 3.3855907888015535,