{
  "timestamp": "2026-06-21T04:58:48.064465",
  "n_total_regions": 25,
  "n_parcellated_regions": 9,
  "regions": [
    "ACA",
    "DG",
    "MOs",
    "SUB",
    "VISp",
    "root",
    "CA1",
    "POST",
    "VISa"
  ],
  "cka_matrix": {
    "ACA\u2192DG": 0.15571241529135574,
    "ACA\u2192MOs": 0.1379221294284049,
    "ACA\u2192SUB": 0.20279630882188243,
    "ACA\u2192VISp": 0.17872274890133563,
    "ACA\u2192root": 0.17668235896648288,
    "ACA\u2192CA1": 0.17055893866484304,
    "ACA\u2192POST": 0.22057422655636247,
    "ACA\u2192VISa": 0.20734612381383566,
    "DG\u2192MOs": 0.09178862677608374,
    "DG\u2192SUB": 0.20589009757037116,
    "DG\u2192VISp": 0.1423492318105118,
    "DG\u2192root": 0.1820101541443782,
    "DG\u2192CA1": 0.16620410009554915,
    "DG\u2192POST": 0.17912148942379602,
    "DG\u2192VISa": 0.23667267705557865,
    "MOs\u2192SUB": 0.12210718814708654,
    "MOs\u2192VISp": 0.11511173929905448,
    "MOs\u2192root": 0.10413139175600095,
    "MOs\u2192CA1": 0.10109203258919135,
    "MOs\u2192POST": 0.13149106294223475,
    "MOs\u2192VISa": 0.10762639889257909,
    "SUB\u2192VISp": 0.17395562980342114,
    "SUB\u2192root": 0.18977869234170328,
    "SUB\u2192CA1": 0.16844934339037665,
    "SUB\u2192POST": 0.19553680926343067,
    "SUB\u2192VISa": 0.253572708660692,
    "VISp\u2192root": 0.153900580297649,
    "VISp\u2192CA1": 0.14193455953876125,
    "VISp\u2192POST": 0.17576866950358142,
    "VISp\u2192VISa": 0.17127460262667207,
    "root\u2192CA1": 0.14766378195073024,
    "root\u2192POST": 0.18067392441443608,
    "root\u2192VISa": 0.2019256973079632,
    "CA1\u2192POST": 0.16424135664642067,
    "CA1\u2192VISa": 0.21002432666247728,
    "POST\u2192VISa": 0.18694388019383573
  },
  "parcellations": {
    "k=3": {
      "1": [
        "ACA",
        "VISp",
        "POST"
      ],
      "2": [
        "DG",
        "SUB",
        "root",
        "CA1",
        "VISa"
      ],
      "3": [
        "MOs"
      ]
    },
    "k=5": {
      "1": [
        "ACA",
        "POST"
      ],
      "3": [
        "DG",
        "SUB",
        "root",
        "VISa"
      ],
      "5": [
        "MOs"
      ],
      "2": [
        "VISp"
      ],
      "4": [
        "CA1"
      ]
    },
    "k=7": {
      "1": [
        "ACA",
        "POST"
      ],
      "4": [
        "DG"
      ],
      "7": [
        "MOs"
      ],
      "3": [
        "SUB",
        "VISa"
      ],
      "2": [
        "VISp"
      ],
      "5": [
        "root"
      ],
      "6": [
        "CA1"
      ]
    }
  }
}