{
  "timestamp": "2026-06-22T00:16:25.346510",
  "config": {
    "min_neurons_steinmetz": 15,
    "min_neurons_ibl": 20,
    "time_window_steinmetz": "slice(15, 35, None)",
    "alpha_threshold": 1.5,
    "n_bootstrap": 1000,
    "max_ibl_sessions_per_region": 5
  },
  "steinmetz_alphas": {
    "ACA": 13.361147361533703,
    "CA3": 9.633624910151106,
    "DG": 19.158250652468404,
    "LS": 1.2816451486191869,
    "MOs": 18.70093052668965,
    "SUB": 1.8921389144624858,
    "VISp": 8.419997706469292,
    "root": 11.67481461001325,
    "CA1": 15.610191985280618,
    "POST": 17.171236616944643,
    "VISl": 1.319932857508918,
    "VISpm": 1.6839992028832866,
    "MG": 0.7544467628322264,
    "MRN": 5.559825835986294,
    "NB": 2.7745208575406473,
    "SPF": 9.31718720011589,
    "VISam": 6.206829863716982,
    "LGd": 1.6153016611749735,
    "LSr": 12.397349580345855,
    "TH": 7.666425615000466,
    "VISa": 2.270704246421257,
    "VPL": 1.6690907269229807,
    "OLF": 1.054164439181785,
    "ORB": 11.860249437272355,
    "AUD": 0.7067552126572579,
    "CP": 9.691929609979413,
    "EPd": 16.333322927651537,
    "LD": 2.8775266789402547,
    "PIR": 1.9193763274974733,
    "SSp": 19.456052864650786,
    "ILA": 1.1245612823907407,
    "LP": 9.588167778322044,
    "PL": 4.5706226414230064,
    "PO": 2.4854499731181097,
    "TT": 6.176917616999117,
    "ORBm": 1.4346469969368298,
    "GPe": 1.5506362335596282,
    "MB": 8.215948351585647,
    "POL": 12.762572993982362,
    "SCm": 8.463873128676829,
    "SCsg": 19.51404741815905,
    "VISrl": 1.0128447591280683,
    "LSc": 2.230121913582271,
    "MOp": 0.8746691909974613,
    "PT": 3.0191587522112453,
    "LH": 6.563220931271613,
    "MD": 0.8769546686956241,
    "MS": 5.0277714746404945,
    "RN": 2.2897744530897124,
    "SCs": 3.919598972840783,
    "ZI": 6.127701981293889,
    "RSP": 3.0029079325518633,
    "BLA": 1.2794347570731897,
    "VPM": 2.370444183808184,
    "SSs": 1.409039613386177,
    "MEA": 3.0406243014735392,
    "RT": 11.521378785444888,
    "ACB": 2.0076974626573567,
    "OT": 103.12560978616621,
    "SI": 44.37195011819052,
    "SNr": 8.052452622475503,
    "APN": 1.7565352175774047,
    "VAL": 1.13309947910512,
    "IC": 3.4326453496691243,
    "CA2": 1.0190218536218751,
    "SCig": 1.040166845354895,
    "DP": 25.98511952650847,
    "CL": 4.13999167028776,
    "PAG": 9.574728253645587,
    "EP": 1.2814659264273718,
    "BMA": 1.111532979337655,
    "COA": 0.6162557539821089,
    "CA": 0.8887542319555799
  },
  "steinmetz_alpha_per_session": {
    "ACA": [
      2.1295977702294397,
      0.6719499183765776,
      17.151939035156197,
      3.728903062339848,
      2.367935002566635,
      70.12108748850608,
      18.18593556982365,
      25.93017394927425,
      3.2797324266279326,
      1.4924650810500106,
      1.9129016729201205
    ],
    "CA3": [
      1.291441283810344,
      1.3823588000637488,
      40.47257909807843,
      1.9429330476043507,
      6.486308914640845,
      14.134907058720106,
      9.496951770295276,
      1.8615193079957544
    ],
    "DG": [
      3.593691022020508,
      15.034983542291418,
      1.1974424403806747,
      51.52366375189128,
      13.814543971342953,
      2.912336862689467,
      2.3281261001008686,
      12.304774248920298,
      3.1179093967160756,
      20.847700845201775,
      2.0020081167147548,
      75.8928441386016,
      90.57731526453617,
      1.8781117976570583,
      6.659458487956805,
      2.8471004524727697
    ],
    "LS": [
      1.0263706038913778,
      1.8302998313858305,
      0.9882650105803524
    ],
    "MOs": [
      2.066463554855132,
      1.9120567605655523,
      97.46243751181034,
      1.5957473021231616,
      46.81666992602495,
      0.8536955493066993,
      3.4149848896611963,
      2.8000505071869846,
      0.8690928640880633,
      2.641856800568476,
      46.9346420466498,
      0.7901044408069279,
      1.70397935636335,
      23.102921496822386,
      35.8051513962669,
      0.8047479519612961,
      48.34121659866288
    ],
    "SUB": [
      1.2702200625877216,
      1.3385752332715652,
      1.3247917203145811,
      2.987094403862602,
      1.349300193741535,
      1.6619497787104922,
      3.1379463706933457,
      2.139355127356322,
      1.8200173396242065
    ],
    "VISp": [
      1.048918373252006,
      1.685261852763715,
      11.244685926495526,
      7.94273337002213,
      1.4127838587239727,
      8.393299082410131,
      57.26142855140151,
      1.5257838214775776,
      1.842158456343305,
      1.5472059462387056,
      0.9888656340304313,
      6.146847604472498
    ],
    "root": [
      5.680505853672285,
      1.0719267068146692,
      0.7110701914131589,
      0.7286274894692394,
      1.5207900393050504,
      43.793905810835504,
      1.367835971924445,
      0.7797123245024128,
      1.2619173497099698,
      0.6594839197501268,
      1.82260169993512,
      5.658379468963158,
      5.750669799028535,
      0.6112792367904092,
      98.2815062501373,
      0.6222802383185114,
      21.162867635221044,
      1.546322585058176,
      1.2527319226393285,
      61.24356062951637,
      0.7766879659031329,
      0.5412583313836162
    ],
    "CA1": [
      0.7793275147198604,
      10.755783697458003,
      1.23547092411072,
      2.6769163987793356,
      21.595994510388362,
      2.218233764334483,
      1.7028957871483201,
      2.2548869268403657,
      30.271588102585117,
      13.937410047682672,
      2.6129087114486627,
      1.9453657622370182,
      63.99761521150159,
      3.8875300565586914,
      0.8143966975414427,
      73.50549597636291,
      2.978502743639605,
      22.446266321090395,
      3.811363121457261,
      48.77588742972756
    ],
    "POST": [
      0.8520932287140445,
      2.196556440409663,
      60.06282748738189,
      5.573469311272986
    ],
    "VISl": [
      0.8545630492066708,
      1.5901705586414876,
      1.5150649646785954
    ],
    "VISpm": [
      0.6805743691219568,
      1.9299392277393683,
      1.663876049667221,
      2.461607165004601
    ],
    "MG": [
      0.720681678150105,
      0.7882118475143478
    ],
    "MRN": [
      3.103557715694111,
      2.9740422261085824,
      12.919417738081988,
      1.6985713099492867,
      1.0666605955361095,
      2.537639709016622,
      0.9751927873163,
      0.7158616978284181,
      1.3684653562894664,
      32.861393994603226,
      0.9372810654251323
    ],
    "NB": [
      2.7745208575406473
    ],
    "SPF": [
      6.133711796820109,
      12.500662603411671
    ],
    "VISam": [
      1.0540516696854525,
      19.497353449948378,
      2.423877447512288,
      24.8552518046466,
      1.318496714510081,
      0.9940830813627878,
      2.427291500992273,
      2.6032446325227587,
      7.925935723272041,
      2.3811370812676502,
      2.7944053951664936
    ],
    "LGd": [
      0.8940868171157135,
      1.1079184095240917,
      1.1335464511009647,
      2.5059247705373653,
      2.321747015485883,
      1.0420602735038256,
      3.090021460290447,
      0.8271080918414967
    ],
    "LSr": [
      0.5559316154723982,
      24.23876754521931
    ],
    "TH": [
      0.7657565170986769,
      0.8513573631133157,
      54.09944098279686,
      0.9144891061210991,
      0.8214756710265712,
      0.9593276959541382,
      0.9128414606936136,
      2.006716123199452
    ],
    "VISa": [
      1.431877007702354,
      1.0562183501892286,
      2.4979618003360975,
      1.925259811362236,
      4.442204262516369
    ],
    "VPL": [
      1.559991287116826,
      1.2607564313078536,
      1.1927786522181412,
      2.6628365370491016
    ],
    "OLF": [
      1.0373347197139964,
      1.0709941586495737
    ],
    "ORB": [
      55.189989891933706,
      1.056970739977179,
      0.6705053354804315,
      1.0500533467578892,
      1.3337278722125607
    ],
    "AUD": [
      0.7067552126572579
    ],