{
  "timestamp": "2026-06-21T21:40:11.892701",
  "config": {
    "min_neurons_steinmetz": 15,
    "min_neurons_ibl": 20,
    "time_window_steinmetz": "slice(15, 35, None)",
    "alpha_threshold": 1.5,
    "n_bootstrap": 1000,
    "max_ibl_sessions_per_region": 5
  },
  "steinmetz_alphas": {
    "ACA": 13.361147361533703,
    "CA3": 9.633624910151104,
    "DG": 19.158250652468436,
    "LS": 1.2816451486191867,
    "MOs": 18.70093052668965,
    "SUB": 1.8921389144624854,
    "VISp": 8.419997706469287,
    "root": 11.674767278479857,
    "CA1": 15.610191985280618,
    "POST": 17.171236616944647,
    "VISl": 1.3199328575089178,
    "VISpm": 1.6839992028832866,
    "MG": 0.7544467628322263,
    "MRN": 5.559825835986294,
    "NB": 2.7745208575406473,
    "SPF": 9.317187200115889,
    "VISam": 6.206829863716981,
    "LGd": 1.6153016611749735,
    "LSr": 12.397349580345846,
    "TH": 7.666425615000466,
    "VISa": 2.2707042464212575,
    "VPL": 1.6690907269229804,
    "OLF": 1.0541644391817857,
    "ORB": 11.860249437272358,
    "AUD": 0.7067552126572578,
    "CP": 9.691929609979415,
    "EPd": 16.33332292765154,
    "LD": 2.8775266789402543,
    "PIR": 1.9193763274974733,
    "SSp": 19.456052864650786,
    "ILA": 1.1245612823907407,
    "LP": 9.588167778322045,
    "PL": 4.570622641423005,
    "PO": 2.48544997311811,
    "TT": 6.176917616999117,
    "ORBm": 1.43464699693683,
    "GPe": 1.5506362335596282,
    "MB": 8.215948351585647,
    "POL": 12.762572993982365,
    "SCm": 8.463873128676825,
    "SCsg": 19.51404741815905,
    "VISrl": 1.0128447591280678,
    "LSc": 2.230121913582271,
    "MOp": 0.8746691909974613,
    "PT": 3.019158752211245,
    "LH": 6.56322093127161,
    "MD": 0.8769546686956239,
    "MS": 5.027771474640493,
    "RN": 2.2897744530897124,
    "SCs": 3.91959897284078,
    "ZI": 6.127701981293891,
    "RSP": 3.0029079325518633,
    "BLA": 1.27943475707319,
    "VPM": 2.3704441838081833,
    "SSs": 1.409039613386177,
    "MEA": 3.0406243014735392,
    "RT": 11.52137878544489,
    "ACB": 2.0076974626573567,
    "OT": 103.12560978616595,
    "SI": 44.37195011819051,
    "SNr": 8.052452622475506,
    "APN": 1.7565352175774047,
    "VAL": 1.1330994791051203,
    "IC": 3.432645349669124,
    "CA2": 1.0190218536218756,
    "SCig": 1.040166845354895,
    "DP": 25.985119526508477,
    "CL": 4.1399916702877615,
    "PAG": 9.574728253645588,
    "EP": 1.2814659264273713,
    "BMA": 1.1115329793376552,
    "COA": 0.6162557539821089,
    "CA": 0.8887542319555799
  },
  "steinmetz_alpha_per_session": {
    "ACA": [
      2.1295977702294393,
      0.6719499183765774,
      17.151939035156197,
      3.7289030623398474,
      2.367935002566635,
      70.12108748850608,
      18.18593556982365,
      25.93017394927425,
      3.279732426627932,
      1.4924650810500106,
      1.9129016729201205
    ],
    "CA3": [
      1.2914412838103442,
      1.3823588000637488,
      40.47257909807843,
      1.9429330476043507,
      6.486308914640833,
      14.134907058720101,
      9.496951770295276,
      1.8615193079957542
    ],
    "DG": [
      3.593691022020507,
      15.034983542291418,
      1.1974424403806747,
      51.523663751891256,
      13.81454397134295,
      2.912336862689467,
      2.3281261001008686,
      12.304774248920298,
      3.1179093967160787,
      20.84770084520178,
      2.002008116714755,
      75.89284413860156,
      90.57731526453674,
      1.878111797657058,
      6.659458487956802,
      2.84710045247277
    ],
    "LS": [
      1.0263706038913776,
      1.83029983138583,
      0.9882650105803528
    ],
    "MOs": [
      2.0664635548551322,
      1.9120567605655518,
      97.46243751181034,
      1.5957473021231616,
      46.81666992602492,
      0.853695549306699,
      3.414984889661196,
      2.8000505071869854,
      0.8690928640880626,
      2.641856800568476,
      46.9346420466498,
      0.7901044408069277,
      1.70397935636335,
      23.102921496822386,
      35.8051513962669,
      0.8047479519612958,
      48.341216598662896
    ],
    "SUB": [
      1.2702200625877216,
      1.338575233271565,
      1.3247917203145811,
      2.987094403862601,
      1.349300193741535,
      1.6619497787104922,
      3.1379463706933466,
      2.139355127356322,
      1.820017339624206
    ],
    "VISp": [
      1.048918373252006,
      1.6852618527637147,
      11.244685926495524,
      7.94273337002213,
      1.4127838587239725,
      8.393299082410131,
      57.261428551401465,
      1.525783821477578,
      1.842158456343305,
      1.5472059462387049,
      0.9888656340304308,
      6.146847604472498
    ],
    "root": [
      5.680505853672285,
      1.0719267068146694,
      0.7106454973858669,
      0.7262170721823034,
      1.5207900393050502,
      43.793905810835504,
      1.367835971924445,
      0.7797123245024128,
      1.2619173497099696,
      0.6594839197501265,
      1.8226016999351207,
      5.65837946896316,
      5.750669799028531,
      0.6130730543699935,
      98.28150625013728,
      0.6222802383185114,
      21.162867635221026,
      1.5463225850581768,
      1.2527319226393285,
      61.243560629516345,
      0.7766879659031329,
      0.5412583313836162
    ],
    "CA1": [
      0.7793275147198602,
      10.755783697458,
      1.23547092411072,
      2.676916398779335,
      21.595994510388362,
      2.2182337643344825,
      1.70289578714832,
      2.2548869268403657,
      30.271588102585127,
      13.937410047682674,
      2.6129087114486627,
      1.9453657622370182,
      63.99761521150157,
      3.8875300565586914,
      0.8143966975414427,
      73.50549597636291,
      2.978502743639605,
      22.446266321090395,
      3.811363121457259,
      48.775887429727554
    ],
    "POST": [
      0.8520932287140452,
      2.196556440409663,
      60.0628274873819,
      5.573469311272979
    ],
    "VISl": [
      0.8545630492066708,
      1.5901705586414872,
      1.5150649646785952
    ],
    "VISpm": [
      0.6805743691219568,
      1.9299392277393683,
      1.663876049667221,
      2.461607165004601
    ],
    "MG": [
      0.7206816781501049,
      0.7882118475143478
    ],
    "MRN": [
      3.103557715694111,
      2.974042226108583,
      12.919417738081986,
      1.6985713099492867,
      1.0666605955361095,
      2.537639709016622,
      0.975192787316301,
      0.7158616978284178,
      1.3684653562894664,
      32.861393994603226,
      0.9372810654251323
    ],
    "NB": [
      2.7745208575406473
    ],
    "SPF": [
      6.133711796820109,
      12.50066260341167
    ],
    "VISam": [
      1.0540516696854525,
      19.497353449948367,
      2.423877447512288,
      24.8552518046466,
      1.3184967145100819,
      0.9940830813627878,
      2.427291500992273,
      2.6032446325227587,
      7.925935723272038,
      2.3811370812676502,
      2.794405395166493
    ],
    "LGd": [
      0.8940868171157135,
      1.1079184095240915,
      1.1335464511009647,
      2.5059247705373653,
      2.321747015485883,
      1.0420602735038256,
      3.090021460290447,
      0.8271080918414969
    ],
    "LSr": [
      0.5559316154723982,
      24.238767545219293
    ],
    "TH": [
      0.7657565170986769,
      0.8513573631133157,
      54.099440982796864,
      0.9144891061210989,
      0.8214756710265712,
      0.959327695954138,
      0.9128414606936136,
      2.006716123199452
    ],
    "VISa": [
      1.4318770077023555,
      1.0562183501892286,
      2.4979618003360975,
      1.925259811362236,
      4.442204262516369
    ],
    "VPL": [
      1.5599912871168258,
      1.2607564313078532,
      1.1927786522181412,
      2.6628365370491016
    ],
    "OLF": [
      1.0373347197139966,
      1.0709941586495746
    ],
    "ORB": [
      55.18998989193372,
      1.056970739977179,
      0.6705053354804313,
      1.050053346757889,
      1.3337278722125603
    ],
    "AUD": [
      0.7067552126572578
    ],