{
  "timestamp": "2026-06-21T15:56:38.611763",
  "mechval_criterion": "I3 Specificity",
  "mechval_threshold": "on-task:off-task ratio >= 2.0",
  "overall_specificity_ratio": 2.2913644341226806,
  "specificity_pass": true,
  "tests": {
    "evidence_vs_random": {
      "U": 469.0,
      "p": 9.429735335265667e-05
    },
    "evidence_vs_rt": {
      "U": 420.0,
      "p": 0.003298789643227048
    }
  },
  "per_axis": {
    "evidence": {
      "n_regions": 24,
      "mean_iia": 0.10355152568273686,
      "per_region": {
        "ACA": 0.1341496598639456,
        "CA3": 0.1,
        "DG": 0.13391304347826088,
        "LS": 0.0,
        "MOs": 0.12999999999999998,
        "SUB": 0.10666666666666667,
        "VISp": 0.11072463768115942,
        "root": 0.16,
        "CA1": 0.11978260869565219,
        "POST": 0.12956521739130436,
        "VISl": 0.12,
        "VISpm": 0.12,
        "MG": 0.0,
        "MRN": 0.1956521739130435,
        "NB": 0.10869565217391304,
        "SPF": 0.1956521739130435,
        "VISam": 0.13043478260869565,
        "LGd": 0.06,
        "LSr": 0.1,
        "TH": 0.06,
        "VISa": 0.11,
        "VPL": 0.12,
        "OLF": 0.0,
        "ORB": 0.04
      }
    },
    "reaction_time": {
      "n_regions": 24,
      "mean_iia": 0.0669212962962963,
      "per_region": {
        "ACA": 0.02666666666666667,
        "CA3": 0.1,
        "DG": 0.095,
        "LS": 0.12,
        "MOs": 0.06666666666666667,
        "SUB": 0.10666666666666667,
        "VISp": 0.060000000000000005,
        "root": 0.08666666666666667,
        "CA1": 0.08,
        "POST": 0.05,
        "VISl": 0.04,
        "VISpm": 0.04,
        "MG": 0.08,
        "MRN": 0.14,
        "NB": 0.08,
        "SPF": 0.04,
        "VISam": 0.02,
        "LGd": 0.04,
        "LSr": 0.04,
        "TH": 0.0,
        "VISa": 0.09,
        "VPL": 0.14,
        "OLF": 0.02,
        "ORB": 0.044444444444444446
      }
    },
    "feedback": {
      "n_regions": 24,
      "mean_iia": 0.043220611916264084,
      "per_region": {
        "ACA": 0.05333333333333334,
        "CA3": 0.0,
        "DG": 0.07,
        "LS": 0.08,
        "MOs": 0.09555555555555556,
        "SUB": 0.060000000000000005,
        "VISp": 0.04666666666666667,
        "root": 0.13999999999999999,
        "CA1": 0.05,
        "POST": 0.06,
        "VISl": 0.0,
        "VISpm": 0.0,
        "MG": 0.04,
        "MRN": 0.04,
        "NB": 0.08,
        "SPF": 0.02,
        "VISam": 0.02,
        "LGd": 0.0,
        "LSr": 0.02,
        "TH": 0.0,
        "VISa": 0.02,
        "VPL": 0.1,
        "OLF": 0.02,
        "ORB": 0.021739130434782608
      }
    },
    "random": {
      "n_regions": 24,
      "mean_iia": 0.045192080378250586,
      "per_region": {
        "ACA": 0.04,
        "CA3": 0.04,
        "DG": 0.05500000000000001,
        "LS": 0.06,
        "MOs": 0.04,
        "SUB": 0.11333333333333333,
        "VISp": 0.06666666666666667,
        "root": 0.03333333333333333,
        "CA1": 0.05500000000000001,
        "POST": 0.01,
        "VISl": 0.0,
        "VISpm": 0.0,
        "MG": 0.04,
        "MRN": 0.1,
        "NB": 0.12,
        "SPF": 0.04,
        "VISam": 0.02,
        "LGd": 0.06,
        "LSr": 0.08,
        "TH": 0.0,
        "VISa": 0.03,
        "VPL": 0.04,
        "OLF": 0.02,
        "ORB": 0.02127659574468085
      }
    }
  },
  "specificity_ratios": {
    "ACA": 3.3537414965986394,
    "CA1": 2.177865612648221,
    "CA3": 2.5,
    "DG": 2.4347826086956523,
    "LGd": 1.0,
    "LS": 0.0,
    "LSr": 1.25,
    "MG": 0.0,
    "MOs": 3.2499999999999996,
    "MRN": 1.9565217391304348,
    "NB": 0.9057971014492754,
    "OLF": 0.0,
    "ORB": 1.8800000000000001,
    "POST": Infinity,
    "SPF": 4.891304347826087,
    "SUB": 0.9411764705882354,
    "TH": Infinity,
    "VISa": 3.666666666666667,
    "VISam": 6.521739130434782,
    "VISl": Infinity,
    "VISp": 1.6608695652173913,
    "VISpm": Infinity,
    "VPL": 3.0,
    "root": 4.8
  }
}