{
  "timestamp": "2026-06-21T17:23:29.252258",
  "mechval_criterion": "I3 Specificity",
  "mechval_threshold": "on-task:off-task ratio >= 2.0",
  "overall_specificity_ratio": 2.1242303123040664,
  "specificity_pass": true,
  "tests": {
    "evidence_vs_random": {
      "U": 4420.5,
      "p": 3.1703821910138343e-12
    },
    "evidence_vs_rt": {
      "U": 3979.0,
      "p": 1.3470034222972733e-07
    }
  },
  "per_axis": {
    "evidence": {
      "n_regions": 73,
      "mean_iia": 0.18332042411939256,
      "per_region": {
        "ACA": 0.25676030854602283,
        "CA3": 0.23500000000000001,
        "DG": 0.1647951096332225,
        "LS": 0.06036036036036036,
        "MOs": 0.19836248012718602,
        "SUB": 0.1111111111111111,
        "VISp": 0.18768115942028984,
        "root": 0.17515034288728681,
        "CA1": 0.20808590644298325,
        "POST": 0.18478260869565216,
        "VISl": 0.12,
        "VISpm": 0.125,
        "MG": 0.0,
        "MRN": 0.17233201581027668,
        "NB": 0.10869565217391304,
        "SPF": 0.20782608695652174,
        "VISam": 0.20528130518879825,
        "LGd": 0.115,
        "LSr": 0.22000000000000003,
        "TH": 0.155,
        "VISa": 0.14140540540540542,
        "VPL": 0.21500000000000002,
        "OLF": 0.17,
        "ORB": 0.092,
        "AUD": 0.1,
        "CP": 0.17733333333333332,
        "EPd": 0.08,
        "LD": 0.20412121212121215,
        "PIR": 0.3,
        "SSp": 0.15363636363636365,
        "ILA": 0.08666666666666667,
        "LP": 0.13417136285221393,
        "PL": 0.2225,
        "PO": 0.09327659574468086,
        "TT": 0.20666666666666667,
        "ORBm": 0.18,
        "GPe": 0.15333333333333335,
        "MB": 0.19333333333333336,
        "POL": 0.22,
        "SCm": 0.2342857142857143,
        "SCsg": 0.32,
        "VISrl": 0.05,
        "LSc": 0.14,
        "MOp": 0.16646464646464645,
        "PT": 0.28,
        "LH": 0.56,
        "MD": 0.08036036036036036,
        "MS": 0.52,
        "RN": 0.26,
        "SCs": 0.2913265306122449,
        "ZI": 0.21000000000000002,
        "RSP": 0.20822822822822826,
        "BLA": 0.09,
        "VPM": 0.13,
        "SSs": 0.16,
        "MEA": 0.34,
        "RT": 0.31,
        "ACB": 0.19333333333333336,
        "OT": 0.1956521739130435,
        "SI": 0.38,
        "SNr": 0.17,
        "APN": 0.13,
        "VAL": 0.09090909090909091,
        "IC": 0.26,
        "CA2": 0.08,
        "SCig": 0.175,
        "DP": 0.26,
        "CL": 0.16216216216216217,
        "PAG": 0.30000000000000004,
        "EP": 0.22,
        "BMA": 0.06,
        "COA": 0.02,
        "CA": 0.0
      }
    },
    "reaction_time": {
      "n_regions": 73,
      "mean_iia": 0.11263957500132513,
      "per_region": {
        "ACA": 0.07105751391465677,
        "CA3": 0.1375,
        "DG": 0.13,
        "LS": 0.06666666666666667,
        "MOs": 0.11529411764705884,
        "SUB": 0.13777777777777778,
        "VISp": 0.07333333333333335,
        "root": 0.12272727272727274,
        "CA1": 0.10500000000000002,
        "POST": 0.08,
        "VISl": 0.08,
        "VISpm": 0.17,
        "MG": 0.08,
        "MRN": 0.14181818181818182,
        "NB": 0.08,
        "SPF": 0.07,
        "VISam": 0.1309090909090909,
        "LGd": 0.0625,
        "LSr": 0.19,
        "TH": 0.085,
        "VISa": 0.11600000000000002,
        "VPL": 0.18000000000000002,
        "OLF": 0.06999999999999999,
        "ORB": 0.060888888888888895,
        "AUD": 0.0,
        "CP": 0.064,
        "EPd": 0.06,
        "LD": 0.164,
        "PIR": 0.16,
        "SSp": 0.14500000000000002,
        "ILA": 0.11333333333333334,
        "LP": 0.10600000000000001,
        "PL": 0.1625,
        "PO": 0.044000000000000004,
        "TT": 0.10666666666666667,
        "ORBm": 0.16,
        "GPe": 0.12666666666666668,
        "MB": 0.10000000000000002,
        "POL": 0.14,
        "SCm": 0.1685714285714286,
        "SCsg": 0.25333333333333335,
        "VISrl": 0.04,
        "LSc": 0.14,
        "MOp": 0.12,
        "PT": 0.18,
        "LH": 0.22,
        "MD": 0.06,
        "MS": 0.16,
        "RN": 0.04,
        "SCs": 0.185,
        "ZI": 0.16499999999999998,
        "RSP": 0.10222222222222224,
        "BLA": 0.04,
        "VPM": 0.085,
        "SSs": 0.12,
        "MEA": 0.16,
        "RT": 0.14,
        "ACB": 0.10666666666666667,
        "OT": 0.023255813953488372,
        "SI": 0.12,
        "SNr": 0.09,
        "APN": 0.13,
        "VAL": 0.22,
        "IC": 0.18,
        "CA2": 0.06,
        "SCig": 0.075,
        "DP": 0.18,
        "CL": 0.2,
        "PAG": 0.09,
        "EP": 0.06,
        "BMA": 0.06,
        "COA": 0.02,
        "CA": 0.02
      }
    },
    "feedback": {
      "n_regions": 73,
      "mean_iia": 0.09207969461421178,
      "per_region": {
        "ACA": 0.06446184090783395,
        "CA3": 0.0808695652173913,
        "DG": 0.07272399203583874,
        "LS": 0.05333333333333334,
        "MOs": 0.0988832850213256,
        "SUB": 0.08444444444444443,
        "VISp": 0.07871616731799101,
        "root": 0.10424585365612044,
        "CA1": 0.09648669874453847,
        "POST": 0.08499999999999999,
        "VISl": 0.09333333333333334,
        "VISpm": 0.06,
        "MG": 0.04,
        "MRN": 0.12366777531411678,
        "NB": 0.08,
        "SPF": 0.060000000000000005,
        "VISam": 0.11038568864352838,
        "LGd": 0.05718451749734889,
        "LSr": 0.19,
        "TH": 0.08210144927536232,
        "VISa": 0.0966530612244898,
        "VPL": 0.13289473684210526,
        "OLF": 0.060000000000000005,
        "ORB": 0.044674356699201424,
        "AUD": 0.0,
        "CP": 0.05021946169772257,
        "EPd": 0.1,
        "LD": 0.128,
        "PIR": 0.06,
        "SSp": 0.055,
        "ILA": 0.04,
        "LP": 0.0846077097505669,
        "PL": 0.10054878048780488,
        "PO": 0.04016326530612245,
        "TT": 0.10666666666666667,
        "ORBm": 0.06,
        "GPe": 0.10000000000000002,
        "MB": 0.07073170731707316,
        "POL": 0.06,
        "SCm": 0.18479840716774512,
        "SCsg": 0.14666666666666667,
        "VISrl": 0.02,
        "LSc": 0.09523809523809523,
        "MOp": 0.029206349206349208,
        "PT": 0.2619047619047619,
        "LH": 0.2,
        "MD": 0.08444444444444443,
        "MS": 0.4146341463414634,
        "RN": 0.2926829268292683,
        "SCs": 0.16087605774016925,
        "ZI": 0.15837751855779428,
        "RSP": 0.1019753086419753,
        "BLA": 0.05,
        "VPM": 0.08973684210526316,
        "SSs": 0.06,
        "MEA": 0.05263157894736842,
        "RT": 0.09578947368421052,
        "ACB": 0.1252173913043478,
        "OT": 0.09523809523809523,
        "SI": 0.08695652173913043,
        "SNr": 0.04260869565217391,
        "APN": 0.01,
        "VAL": 0.04,
        "IC": 0.08,
        "CA2": 0.12,
        "SCig": 0.075,
        "DP": 0.16,
        "CL": 0.04,
        "PAG": 0.14183673469387756,
        "EP": 0.08,
        "BMA": 0.0,
        "COA": 0.0,
        "CA": 0.02
      }
    },
    "random": {
      "n_regions": 73,
      "mean_iia": 0.08629969314417339,
      "per_region": {
        "ACA": 0.07454545454545455,
        "CA3": 0.1075,
        "DG": 0.07250000000000001,
        "LS": 0.013333333333333334,
        "MOs": 0.06470588235294118,
        "SUB": 0.08444444444444445,
        "VISp": 0.08343537414965989,
        "root": 0.09272727272727273,
        "CA1": 0.091,
        "POST": 0.1,
        "VISl": 0.08666666666666667,
        "VISpm": 0.085,
        "MG": 0.0,
        "MRN": 0.09636363636363637,
        "NB": 0.12,
        "SPF": 0.04,
        "VISam": 0.12363636363636363,
        "LGd": 0.0675,
        "LSr": 0.13,
        "TH": 0.08249999999999999,
        "VISa": 0.0723265306122449,
        "VPL": 0.11,
        "OLF": 0.11,
        "ORB": 0.036000000000000004,
        "AUD": 0.0,
        "CP": 0.04,
        "EPd": 0.04,
        "LD": 0.08399999999999999,
        "PIR": 0.14,
        "SSp": 0.08091836734693879,
        "ILA": 0.04666666666666667,