{
  "n_regions": 73,
  "model_stats": {
    "structured_vae": {
      "mean_iia": 0.9409902313081434,
      "std_iia": 0.10728723452348711,
      "n_regions": 73
    },
    "pi_vae": {
      "mean_iia": 0.02577606901532116,
      "std_iia": 0.05019460849555726,
      "n_regions": 73
    },
    "pi_structured_vae": {
      "mean_iia": 0.035862864473633786,
      "std_iia": 0.06338154701364197,
      "n_regions": 73
    },
    "lda": {
      "mean_iia": 0.0,
      "std_iia": 0.0,
      "n_regions": 73
    }
  },
  "comparisons": {
    "pi_structured_vae_vs_structured_vae": {
      "wins": 0,
      "total": 73,
      "wilcoxon_p": 9.37370858281818e-14,
      "mean_diff": -0.9051273668345097
    },
    "pi_structured_vae_vs_pi_vae": {
      "wins": 26,
      "total": 73,
      "wilcoxon_p": 0.009673189332313327,
      "mean_diff": 0.010086795458312627
    },
    "pi_vae_vs_structured_vae": {
      "wins": 0,
      "total": 73,
      "wilcoxon_p": 8.857031267936045e-14,
      "mean_diff": -0.9152141622928225
    },
    "pi_structured_vae_vs_lda": {
      "wins": 37,
      "total": 73,
      "wilcoxon_p": 1.1397432479304981e-07,
      "mean_diff": 0.035862864473633786
    }
  },
  "per_region": {
    "ACA": {
      "structured_vae": {
        "iia": 0.8453817550398903
      },
      "pi_vae": {
        "iia": 0.045454545454545456
      },
      "pi_structured_vae": {
        "iia": 0.04181818181818182
      },
      "lda": {
        "iia": 0.0
      }
    },
    "ACB": {
      "structured_vae": {
        "iia": 1.0
      },
      "pi_vae": {
        "iia": 0.06666666666666667
      },
      "pi_structured_vae": {
        "iia": 0.09333333333333334
      },
      "lda": {
        "iia": 0.0
      }
    },
    "APN": {
      "structured_vae": {
        "iia": 1.0
      },
      "pi_vae": {
        "iia": 0.0
      },
      "pi_structured_vae": {
        "iia": 0.0
      },
      "lda": {
        "iia": 0.0
      }
    },
    "AUD": {
      "structured_vae": {
        "iia": 1.0
      },
      "pi_vae": {
        "iia": 0.0
      },
      "pi_structured_vae": {
        "iia": 0.0
      },
      "lda": {
        "iia": 0.0
      }
    },
    "BLA": {
      "structured_vae": {
        "iia": 1.0
      },
      "pi_vae": {
        "iia": 0.021052631578947368
      },
      "pi_structured_vae": {
        "iia": 0.12105263157894737
      },
      "lda": {
        "iia": 0.0
      }
    },
    "BMA": {
      "structured_vae": {
        "iia": 1.0
      },
      "pi_vae": {
        "iia": 0.0
      },
      "pi_structured_vae": {
        "iia": 0.0
      },
      "lda": {
        "iia": 0.0
      }
    },
    "CA": {
      "structured_vae": {
        "iia": 1.0
      },
      "pi_vae": {
        "iia": 0.0
      },
      "pi_structured_vae": {
        "iia": 0.11
      },
      "lda": {
        "iia": 0.0
      }
    },
    "CA1": {
      "structured_vae": {
        "iia": 0.8827838991206116
      },
      "pi_vae": {
        "iia": 0.03057575757575758
      },
      "pi_structured_vae": {
        "iia": 0.03249494949494949
      },
      "lda": {
        "iia": 0.0
      }
    },
    "CA2": {
      "structured_vae": {
        "iia": 1.0
      },
      "pi_vae": {
        "iia": 0.0
      },
      "pi_structured_vae": {
        "iia": 0.0
      },
      "lda": {
        "iia": 0.0
      }
    },
    "CA3": {
      "structured_vae": {
        "iia": 0.9529964594397584
      },
      "pi_vae": {
        "iia": 0.032621321914800175
      },
      "pi_structured_vae": {
        "iia": 0.025
      },
      "lda": {
        "iia": 0.0
      }
    },
    "CL": {
      "structured_vae": {
        "iia": 0.8709677419354839
      },
      "pi_vae": {
        "iia": 0.0
      },
      "pi_structured_vae": {
        "iia": 0.0
      },
      "lda": {
        "iia": 0.0
      }
    },
    "COA": {
      "structured_vae": {
        "iia": 1.0
      },
      "pi_vae": {
        "iia": 0.0
      },
      "pi_structured_vae": {
        "iia": 0.0
      },
      "lda": {
        "iia": 0.0
      }
    },
    "CP": {
      "structured_vae": {
        "iia": 0.9891891891891891
      },
      "pi_vae": {
        "iia": 0.0
      },
      "pi_structured_vae": {
        "iia": 0.0
      },
      "lda": {
        "iia": 0.0
      }
    },
    "DG": {
      "structured_vae": {
        "iia": 0.8081716728731043
      },
      "pi_vae": {
        "iia": 0.014375
      },
      "pi_structured_vae": {
        "iia": 0.015
      },
      "lda": {
        "iia": 0.0
      }
    },
    "DP": {
      "structured_vae": {
        "iia": 0.9036144578313253
      },
      "pi_vae": {
        "iia": 0.0
      },
      "pi_structured_vae": {
        "iia": 0.0
      },
      "lda": {
        "iia": 0.0
      }
    },
    "EP": {
      "structured_vae": {
        "iia": 1.0
      },
      "pi_vae": {
        "iia": 0.0
      },
      "pi_structured_vae": {
        "iia": 0.0
      },
      "lda": {
        "iia": 0.0
      }
    },
    "EPd": {
      "structured_vae": {
        "iia": 0.7027027027027027
      },
      "pi_vae": {
        "iia": 0.0
      },
      "pi_structured_vae": {
        "iia": 0.0
      },
      "lda": {
        "iia": 0.0
      }
    },
    "GPe": {
      "structured_vae": {
        "iia": 1.0
      },
      "pi_vae": {
        "iia": 0.06137254901960784
      },
      "pi_structured_vae": {
        "iia": 0.02
      },
      "lda": {
        "iia": 0.0
      }
    },
    "IC": {
      "structured_vae": {
        "iia": 1.0
      },
      "pi_vae": {
        "iia": 0.0
      },
      "pi_structured_vae": {
        "iia": 0.0
      },
      "lda": {
        "iia": 0.0
      }
    },
    "ILA": {
      "structured_vae": {
        "iia": 1.0
      },
      "pi_vae": {
        "iia": 0.010101010101010102
      },
      "pi_structured_vae": {
        "iia": 0.0
      },
      "lda": {
        "iia": 0.0
      }
    },
    "LD": {
      "structured_vae": {
        "iia": 0.9890410958904109
      },
      "pi_vae": {
        "iia": 0.02222222222222222
      },
      "pi_structured_vae": {
        "iia": 0.030303030303030304
      },
      "lda": {
        "iia": 0.0
      }
    },
    "LGd": {
      "structured_vae": {
        "iia": 1.0
      },
      "pi_vae": {
        "iia": 0.03375
      },
      "pi_structured_vae": {
        "iia": 0.031288659793814434
      },
      "lda": {
        "iia": 0.0
      }
    },
    "LH": {
      "structured_vae": {
        "iia": 0.7282608695652174
      },
      "pi_vae": {
        "iia": 0.0
      },
      "pi_structured_vae": {
        "iia": 0.0
      },
      "lda": {
        "iia": 0.0
      }
    },
    "LP": {
      "structured_vae": {
        "iia": 0.9384981491274458
      },
      "pi_vae": {
        "iia": 0.01717171717171717
      },
      "pi_structured_vae": {
        "iia": 0.01818181818181818
      },
      "lda": {
        "iia": 0.0
      }
    },
    "LS": {
      "structured_vae": {
        "iia": 1.0
      },
      "pi_vae": {
        "iia": 0.0
      },
      "pi_structured_vae": {
        "iia": 0.20666666666666667
      },
      "lda": {
        "iia": 0.0
      }
    },
    "LSc": {
      "structured_vae": {
        "iia": 1.0
      },
      "pi_vae": {
        "iia": 0.052083333333333336
      },
      "pi_structured_vae": {
        "iia": 0.010416666666666666
      },
      "lda": {
        "iia": 0.0
      }
    },
    "LSr": {
      "structured_vae": {
        "iia": 0.97
      },
      "pi_vae": {
        "iia": 0.175
      },
      "pi_structured_vae": {
        "iia": 0.195
      },
      "lda": {
        "iia": 0.0
      }
    },
    "MB": {
      "structured_vae": {
        "iia": 0.9894736842105263
      },
      "pi_vae": {
        "iia": 0.060206185567010316
      },
      "pi_structured_vae": {
        "iia": 0.051872852233676985
      },
      "lda": {
        "iia": 0.0
      }
    },
    "MD": {
      "structured_vae": {
        "iia": 1.0
      },
      "pi_vae": {
        "iia": 0.0
      },