{
  "timestamp": "2026-06-21T06:55:36.377565",
  "n_sessions": 39,
  "n_regions": 25,
  "region_results": {
    "ACA": {
      "n_sessions": 1,
      "full_alpha": 0.6680837317491297,
      "easy_alpha_mean": 0.7687590015713341,
      "hard_alpha_mean": 11.78332585323828,
      "alpha_shift": 11.014566851666945,
      "easy_dim_mean": 31.702146726879107,
      "hard_dim_mean": 22.031081605566804,
      "dim_shift": -9.671065121312303,
      "within_cka_mean": 0.6951194494695696,
      "within_procrustes_mean": 0.9185134628504329
    },
    "CA1": {
      "n_sessions": 4,
      "full_alpha": 24.120220985080095,
      "easy_alpha_mean": 27.78498428479937,
      "hard_alpha_mean": 29.11844538053769,
      "alpha_shift": 1.3334610957383184,
      "easy_dim_mean": 7.939298482958822,
      "hard_dim_mean": 6.341270556321831,
      "dim_shift": -1.5980279266369912,
      "within_cka_mean": 0.23807319268808766,
      "within_procrustes_mean": 0.9499444873016735
    },
    "DG": {
      "n_sessions": 3,
      "full_alpha": 10.027810395068789,
      "easy_alpha_mean": 10.158143909902602,
      "hard_alpha_mean": 20.187617296244998,
      "alpha_shift": 10.029473386342396,
      "easy_dim_mean": 11.105820671613818,
      "hard_dim_mean": 9.835839396311608,
      "dim_shift": -1.2699812753022108,
      "within_cka_mean": 0.332367046003091,
      "within_procrustes_mean": 0.9212743189830318
    },
    "LGd": {
      "n_sessions": 2,
      "full_alpha": 0.9872210759672058,
      "easy_alpha_mean": 1.1180124518739087,
      "hard_alpha_mean": 11.059252520207554,
      "alpha_shift": 9.941240068333645,
      "easy_dim_mean": 31.42629929007696,
      "hard_dim_mean": 20.008272527435317,
      "dim_shift": -11.418026762641645,
      "within_cka_mean": 0.5767336547975435,
      "within_procrustes_mean": 0.8888318692264944
    },
    "LSr": {
      "n_sessions": 1,
      "full_alpha": 0.557855743698717,
      "easy_alpha_mean": 0.6371364459049018,
      "hard_alpha_mean": 11.620268229869948,
      "alpha_shift": 10.983131783965046,
      "easy_dim_mean": 25.668051090438944,
      "hard_dim_mean": 22.66227646567401,
      "dim_shift": -3.005774624764932,
      "within_cka_mean": 0.7564309175675086,
      "within_procrustes_mean": 0.8271591181936055
    },
    "MOs": {
      "n_sessions": 1,
      "full_alpha": 1.9148235146570016,
      "easy_alpha_mean": 2.0743134132014736,
      "hard_alpha_mean": 13.869281237528705,
      "alpha_shift": 11.794967824327232,
      "easy_dim_mean": 16.151963090397224,
      "hard_dim_mean": 10.547794659641669,
      "dim_shift": -5.604168430755555,
      "within_cka_mean": 0.34630005663422175,
      "within_procrustes_mean": 0.9310565800635606
    },
    "SUB": {
      "n_sessions": 2,
      "full_alpha": 2.255343395827029,
      "easy_alpha_mean": 2.4007595735845673,
      "hard_alpha_mean": 12.049210906902973,
      "alpha_shift": 9.648451333318405,
      "easy_dim_mean": 16.33665333157686,
      "hard_dim_mean": 11.119271298889844,
      "dim_shift": -5.217382032687015,
      "within_cka_mean": 0.3857471955394355,
      "within_procrustes_mean": 0.8670148065082189
    },
    "TH": {
      "n_sessions": 3,
      "full_alpha": 0.8639288352258642,
      "easy_alpha_mean": 0.9723616156632454,
      "hard_alpha_mean": 12.284541372907306,
      "alpha_shift": 11.31217975724406,
      "easy_dim_mean": 23.263181902861565,
      "hard_dim_mean": 17.085072233503585,
      "dim_shift": -6.17810966935798,
      "within_cka_mean": 0.6003874223896286,
      "within_procrustes_mean": 0.8950789709735899
    },
    "VISa": {
      "n_sessions": 2,
      "full_alpha": 1.6987523096536332,
      "easy_alpha_mean": 1.8602946096309272,
      "hard_alpha_mean": 11.726482969001486,
      "alpha_shift": 9.86618835937056,
      "easy_dim_mean": 16.007693958713077,
      "hard_dim_mean": 10.300232953486843,
      "dim_shift": -5.707461005226234,
      "within_cka_mean": 0.3505922458476358,
      "within_procrustes_mean": 0.8772319777338431
    },
    "VISp": {
      "n_sessions": 3,
      "full_alpha": 4.740148022737099,
      "easy_alpha_mean": 4.9043368018798,
      "hard_alpha_mean": 16.269133698796676,
      "alpha_shift": 11.364796896916875,
      "easy_dim_mean": 17.9851019233852,
      "hard_dim_mean": 13.313999063625596,
      "dim_shift": -4.671102859759605,
      "within_cka_mean": 0.35576756033642515,
      "within_procrustes_mean": 0.8886747633287061
    },
    "VPL": {
      "n_sessions": 1,
      "full_alpha": 1.5635123696136217,
      "easy_alpha_mean": 1.6883230366621471,
      "hard_alpha_mean": 12.983369802817318,
      "alpha_shift": 11.29504676615517,
      "easy_dim_mean": 17.12326172761716,
      "hard_dim_mean": 12.126909109788587,
      "dim_shift": -4.996352617828572,
      "within_cka_mean": 0.41270258971041285,
      "within_procrustes_mean": 0.9218509187639525
    },
    "AUD": {
      "n_sessions": 1,
      "full_alpha": 0.7067552126572578,
      "easy_alpha_mean": 0.8446211062502582,
      "hard_alpha_mean": 15.39029655945775,
      "alpha_shift": 14.545675453207492,
      "easy_dim_mean": 8.306736516798424,
      "hard_dim_mean": 8.086812661694907,
      "dim_shift": -0.21992385510351653,
      "within_cka_mean": 0.45137553124418706,
      "within_procrustes_mean": 0.9287562696899749
    },
    "root": {
      "n_sessions": 2,
      "full_alpha": 22.26052293713824,
      "easy_alpha_mean": 28.67965572297162,
      "hard_alpha_mean": 44.036743841127404,
      "alpha_shift": 15.357088118155783,
      "easy_dim_mean": 18.174865376543366,
      "hard_dim_mean": 13.457932994229859,
      "dim_shift": -4.716932382313507,
      "within_cka_mean": 0.4534974381097385,
      "within_procrustes_mean": 0.9333750515891373
    },
    "GPe": {
      "n_sessions": 1,
      "full_alpha": 2.243100456491281,
      "easy_alpha_mean": 2.4220946008229,
      "hard_alpha_mean": 13.38279352081886,
      "alpha_shift": 10.96069891999596,
      "easy_dim_mean": 5.1463142463060585,
      "hard_dim_mean": 4.2052550139578635,
      "dim_shift": -0.941059232348195,
      "within_cka_mean": 0.1934148348817003,
      "within_procrustes_mean": 0.9321269766664917
    },
    "MB": {
      "n_sessions": 1,
      "full_alpha": 1.2318936666352247,
      "easy_alpha_mean": 1.2885751380760158,
      "hard_alpha_mean": 12.049137968906127,
      "alpha_shift": 10.76056283083011,
      "easy_dim_mean": 16.776430140307596,
      "hard_dim_mean": 12.155808537356048,
      "dim_shift": -4.620621602951548,
      "within_cka_mean": 0.5313596784528948,
      "within_procrustes_mean": 0.7486692830267917
    },
    "MRN": {
      "n_sessions": 1,
      "full_alpha": 2.974042226108583,
      "easy_alpha_mean": 3.1121769283601792,
      "hard_alpha_mean": 13.69741258416911,
      "alpha_shift": 10.58523565580893,
      "easy_dim_mean": 13.892974355029056,
      "hard_dim_mean": 9.423571842828904,
      "dim_shift": -4.469402512200151,
      "within_cka_mean": 0.3255550353899196,
      "within_procrustes_mean": 0.9152118686583999
    },
    "POL": {
      "n_sessions": 1,
      "full_alpha": 1.1635219835314676,
      "easy_alpha_mean": 1.228022570415586,
      "hard_alpha_mean": 12.337223778941132,
      "alpha_shift": 11.109201208525546,
      "easy_dim_mean": 17.743001185548426,
      "hard_dim_mean": 13.723269799486035,
      "dim_shift": -4.019731386062391,
      "within_cka_mean": 0.5137677535515286,
      "within_procrustes_mean": 0.8749278359539188
    },
    "POST": {
      "n_sessions": 1,
      "full_alpha": 60.0628274873819,
      "easy_alpha_mean": 63.652458034192534,
      "hard_alpha_mean": 83.47791520139485,
      "alpha_shift": 19.825457167202316,
      "easy_dim_mean": 9.900870843243768,
      "hard_dim_mean": 7.635119352604048,
      "dim_shift": -2.26575149063972,
      "within_cka_mean": 0.144034046253354,
      "within_procrustes_mean": 0.9459848727577707
    },
    "SCm": {
      "n_sessions": 1,
      "full_alpha": 37.76748508951897,