{
  "timestamp": "2026-06-21T06:56:25.875480",
  "n_regions": 73,
  "n_pairs": 1316,
  "region_profiles": {
    "ACA": {
      "n_sessions": 11,
      "tier": "association",
      "gradient_position": 3,
      "alpha_mean": 12.345421196016769,
      "effective_dim_mean": 12.664388566533551,
      "n_neurons_mean": 76.27272727272727
    },
    "CA3": {
      "n_sessions": 8,
      "tier": "hippocampal",
      "gradient_position": null,
      "alpha_mean": 9.489562344470535,
      "effective_dim_mean": 14.687729877319882,
      "n_neurons_mean": 60.5
    },
    "DG": {
      "n_sessions": 16,
      "tier": "hippocampal",
      "gradient_position": null,
      "alpha_mean": 21.83982986354399,
      "effective_dim_mean": 9.82504102065759,
      "n_neurons_mean": 48.5
    },
    "LS": {
      "n_sessions": 3,
      "tier": "subcortical",
      "gradient_position": null,
      "alpha_mean": 1.3584925930819651,
      "effective_dim_mean": 24.896750833294522,
      "n_neurons_mean": 135.0
    },
    "MOs": {
      "n_sessions": 17,
      "tier": "secondary_sensory_motor",
      "gradient_position": 2,
      "alpha_mean": 19.350426323456364,
      "effective_dim_mean": 13.200694318770445,
      "n_neurons_mean": 102.11764705882354
    },
    "SUB": {
      "n_sessions": 9,
      "tier": "hippocampal",
      "gradient_position": null,
      "alpha_mean": 1.9143607599731023,
      "effective_dim_mean": 14.086783183886697,
      "n_neurons_mean": 76.11111111111111
    },
    "VISp": {
      "n_sessions": 12,
      "tier": "primary_sensory",
      "gradient_position": 1,
      "alpha_mean": 8.430970669742855,
      "effective_dim_mean": 15.208158102150803,
      "n_neurons_mean": 93.16666666666667
    },
    "root": {
      "n_sessions": 22,
      "tier": "other",
      "gradient_position": null,
      "alpha_mean": 14.36313598558263,
      "effective_dim_mean": 18.374295894548993,
      "n_neurons_mean": 191.13636363636363
    },
    "CA1": {
      "n_sessions": 20,
      "tier": "hippocampal",
      "gradient_position": null,
      "alpha_mean": 17.72716345535546,
      "effective_dim_mean": 12.107381173889205,
      "n_neurons_mean": 67.7
    },
    "POST": {
      "n_sessions": 4,
      "tier": "hippocampal",
      "gradient_position": null,
      "alpha_mean": 17.141502045399058,
      "effective_dim_mean": 12.345062613618827,
      "n_neurons_mean": 78.0
    },
    "VISl": {
      "n_sessions": 3,
      "tier": "primary_sensory",
      "gradient_position": 1,
      "alpha_mean": 1.3199328575089178,
      "effective_dim_mean": 18.03684523695321,
      "n_neurons_mean": 144.66666666666666
    },
    "VISpm": {
      "n_sessions": 4,
      "tier": "primary_sensory",
      "gradient_position": 1,
      "alpha_mean": 1.769457807491277,
      "effective_dim_mean": 18.113167975585355,
      "n_neurons_mean": 146.75
    },
    "MG": {
      "n_sessions": 2,
      "tier": "thalamic",
      "gradient_position": null,
      "alpha_mean": 0.774757967562829,
      "effective_dim_mean": 31.1631087066906,
      "n_neurons_mean": 147.5
    },
    "MRN": {
      "n_sessions": 11,
      "tier": "midbrain_collicular",
      "gradient_position": null,
      "alpha_mean": 5.709913793555032,
      "effective_dim_mean": 12.196528203336312,
      "n_neurons_mean": 92.36363636363636
    },
    "NB": {
      "n_sessions": 1,
      "tier": "other",
      "gradient_position": null,
      "alpha_mean": 2.77699437566359,
      "effective_dim_mean": 13.962311500376654,
      "n_neurons_mean": 43.0
    },
    "SPF": {
      "n_sessions": 2,
      "tier": "thalamic",
      "gradient_position": null,
      "alpha_mean": 9.307598375221799,
      "effective_dim_mean": 9.034501746933712,
      "n_neurons_mean": 26.5
    },
    "VISam": {
      "n_sessions": 11,
      "tier": "primary_sensory",
      "gradient_position": 1.5,
      "alpha_mean": 6.26366718909932,
      "effective_dim_mean": 15.316903436018311,
      "n_neurons_mean": 90.9090909090909
    },
    "LGd": {
      "n_sessions": 8,
      "tier": "thalamic",
      "gradient_position": null,
      "alpha_mean": 1.6346269786283694,
      "effective_dim_mean": 24.729539412280154,
      "n_neurons_mean": 107.875
    },
    "LSr": {
      "n_sessions": 2,
      "tier": "subcortical",
      "gradient_position": null,
      "alpha_mean": 12.398311644459008,
      "effective_dim_mean": 16.423016073080223,
      "n_neurons_mean": 234.0
    },
    "TH": {
      "n_sessions": 8,
      "tier": "thalamic",
      "gradient_position": null,
      "alpha_mean": 7.6687754567240445,
      "effective_dim_mean": 19.652926284818424,
      "n_neurons_mean": 157.125
    },
    "VISa": {
      "n_sessions": 5,
      "tier": "primary_sensory",
      "gradient_position": 1.5,
      "alpha_mean": 2.2065909208891448,
      "effective_dim_mean": 12.186874659407925,
      "n_neurons_mean": 68.0
    },
    "VPL": {
      "n_sessions": 4,
      "tier": "thalamic",
      "gradient_position": null,
      "alpha_mean": 1.6805176098085304,
      "effective_dim_mean": 13.394814682286437,
      "n_neurons_mean": 75.25
    },
    "OLF": {
      "n_sessions": 2,
      "tier": "other",
      "gradient_position": null,
      "alpha_mean": 1.0603526781028356,
      "effective_dim_mean": 24.44590296981398,
      "n_neurons_mean": 129.5
    },
    "ORB": {
      "n_sessions": 5,
      "tier": "association",
      "gradient_position": 3,
      "alpha_mean": 11.773187512492314,
      "effective_dim_mean": 19.413234029715632,
      "n_neurons_mean": 162.4
    },
    "AUD": {
      "n_sessions": 1,
      "tier": "other",
      "gradient_position": null,
      "alpha_mean": 0.7067552126572575,
      "effective_dim_mean": 7.312109196279639,
      "n_neurons_mean": 246.0
    },
    "CP": {
      "n_sessions": 5,
      "tier": "subcortical",
      "gradient_position": null,
      "alpha_mean": 9.732991998880658,
      "effective_dim_mean": 14.71228186440744,
      "n_neurons_mean": 243.0
    },
    "EPd": {
      "n_sessions": 1,
      "tier": "other",
      "gradient_position": null,
      "alpha_mean": 16.33332292765153,
      "effective_dim_mean": 7.375075191408927,
      "n_neurons_mean": 52.0
    },
    "LD": {
      "n_sessions": 5,
      "tier": "thalamic",
      "gradient_position": null,
      "alpha_mean": 5.1748287971399085,
      "effective_dim_mean": 17.691324200382205,
      "n_neurons_mean": 57.2
    },
    "PIR": {
      "n_sessions": 1,
      "tier": "other",
      "gradient_position": null,
      "alpha_mean": 1.9193763274974744,
      "effective_dim_mean": 16.59946865477216,
      "n_neurons_mean": 67.0
    },
    "SSp": {
      "n_sessions": 4,
      "tier": "primary_sensory",
      "gradient_position": 1,
      "alpha_mean": 21.632547730613304,
      "effective_dim_mean": 7.0190632240303685,
      "n_neurons_mean": 126.0
    },
    "ILA": {
      "n_sessions": 3,
      "tier": "association",
      "gradient_position": 3,
      "alpha_mean": 1.124561282390741,
      "effective_dim_mean": 29.128910535270688,
      "n_neurons_mean": 137.0
    },
    "LP": {
      "n_sessions": 10,
      "tier": "thalamic",
      "gradient_position": null,
      "alpha_mean": 9.703570273171094,
      "effective_dim_mean": 18.59831612810006,
      "n_neurons_mean": 74.4
    },
    "PL": {
      "n_sessions": 8,
      "tier": "association",
      "gradient_position": 3,
      "alpha_mean": 4.570622641423007,
      "effective_dim_mean": 18.32376324255499,
      "n_neurons_mean": 104.5
    },
    "PO": {
      "n_sessions": 5,
      "tier": "thalamic",
      "gradient_position": null,
      "alpha_mean": 2.5625747999131616,
      "effective_dim_mean": 22.067696047110708,
      "n_neurons_mean": 138.4
    },
    "TT": {
      "n_sessions": 3,
      "tier": "other",
      "gradient_position": null,
      "alpha_mean": 6.176917616999116,
      "effective_dim_mean": 8.64233261405097,
      "n_neurons_mean": 57.0
    },
    "ORBm": {
      "n_sessions": 1,
      "tier": "other",