{
  "timestamp": "2026-06-21T15:01:17.155701",
  "n_sessions": 39,
  "n_matched_regions": 15,
  "matched_regions": [
    "ACA",
    "ILA",
    "MOp",
    "MOs",
    "ORB",
    "PL",
    "RSP",
    "SSp",
    "SSs",
    "VISa",
    "VISam",
    "VISl",
    "VISp",
    "VISpm",
    "VISrl"
  ],
  "validation_tests": {
    "silencing_vs_iia": {
      "rho": 0.18604651162790697,
      "p": 0.5067682616220273,
      "n": 15,
      "interpretation": "Positive rho = geometry-derived causal importance predicts silencing effect"
    },
    "silencing_vs_alpha": {
      "rho": -0.32350325697067767,
      "p": 0.2395182624085947,
      "n": 15
    },
    "silencing_vs_decoding": {
      "rho": -0.2001788109431818,
      "p": 0.47441090891415083,
      "n": 15
    },
    "strong_vs_weak_iia": {
      "strong_mean": 0.07636791967080604,
      "weak_mean": 0.06400807625807625,
      "U": 9.0,
      "p": 0.5476190476190476,
      "n_strong": 3,
      "n_weak": 6,
      "interpretation": "Tests whether 'strong' silencing regions have higher IIA"
    },
    "silencing_vs_iia_bootstrap": {
      "mean_rho": 0.19661639598651062,
      "ci_95": [
        -0.37977488070326776,
        0.6826980640356056
      ]
    },
    "permutation_test": {
      "actual_rho": 0.18604651162790697,
      "null_mean": 2.057245080501069e-05,
      "null_95th": 0.4579606440071556,
      "perm_p": 0.253,
      "n_perm": 1000
    }
  },
  "per_region": [
    {
      "region": "VISp",
      "silencing_effect": 0.35,
      "silencing_tier": "strong",
      "geometry_iia": 0.07729665779355221,
      "alpha": 1.073187017483878,
      "choice_decoding": 0.831827150116923,
      "subspace_variance_frac": 0.45918519727744517
    },
    {
      "region": "MOs",
      "silencing_effect": 0.3,
      "silencing_tier": "strong",
      "geometry_iia": 0.09180710121886593,
      "alpha": 2.053018578302266,
      "choice_decoding": 0.8118095283956825,
      "subspace_variance_frac": 0.46267040511219265
    },
    {
      "region": "VISl",
      "silencing_effect": 0.28,
      "silencing_tier": "strong",
      "geometry_iia": 0.06,
      "alpha": 0.8545630492066708,
      "choice_decoding": 0.8799911996912679,
      "subspace_variance_frac": 0.36792178526862646
    },
    {
      "region": "VISrl",
      "silencing_effect": 0.22,
      "silencing_tier": "moderate",
      "geometry_iia": 0.05,
      "alpha": 0.9091709593647094,
      "choice_decoding": 0.9681899641577061,
      "subspace_variance_frac": 0.395430533496289
    },
    {
      "region": "VISpm",
      "silencing_effect": 0.2,
      "silencing_tier": "moderate",
      "geometry_iia": 0.06,
      "alpha": 0.6805743691219568,
      "choice_decoding": 0.8917740149176492,
      "subspace_variance_frac": 0.3802434067976306
    },
    {
      "region": "VISam",
      "silencing_effect": 0.18,
      "silencing_tier": "moderate",
      "geometry_iia": 0.10968127154991168,
      "alpha": 1.073827707989669,
      "choice_decoding": 0.8182592680412853,
      "subspace_variance_frac": 0.4541154333102835
    },
    {
      "region": "VISa",
      "silencing_effect": 0.15,
      "silencing_tier": "moderate",
      "geometry_iia": 0.0494054054054054,
      "alpha": 1.4330384360122923,
      "choice_decoding": 0.8488657338520568,
      "subspace_variance_frac": 0.5214704408619817
    },
    {
      "region": "MOp",
      "silencing_effect": 0.12,
      "silencing_tier": "moderate",
      "geometry_iia": 0.07030303030303031,
      "alpha": 0.6853623469946726,
      "choice_decoding": 0.9261437908496731,
      "subspace_variance_frac": 0.4959056113882267
    },
    {
      "region": "ACA",
      "silencing_effect": 0.1,
      "silencing_tier": "moderate",
      "geometry_iia": 0.11089027131580326,
      "alpha": 2.1205139073528225,
      "choice_decoding": 0.7909474192882329,
      "subspace_variance_frac": 0.5401622001602335
    },
    {
      "region": "SSp",
      "silencing_effect": 0.08,
      "silencing_tier": "weak",
      "geometry_iia": 0.10454545454545454,
      "alpha": 58.23208762548126,
      "choice_decoding": 0.7645469264445167,
      "subspace_variance_frac": 0.5848206612380836
    },
    {
      "region": "RSP",
      "silencing_effect": 0.06,
      "silencing_tier": "weak",
      "geometry_iia": 0.09633633633633634,
      "alpha": 2.0081489625731392,
      "choice_decoding": 0.8247952652642998,
      "subspace_variance_frac": 0.4225760948537612
    },
    {
      "region": "ORB",
      "silencing_effect": 0.05,
      "silencing_tier": "weak",
      "geometry_iia": 0.024,
      "alpha": 55.18998989193372,
      "choice_decoding": 0.9278143232537245,
      "subspace_variance_frac": 0.4083645522789259
    },
    {
      "region": "SSs",
      "silencing_effect": 0.05,
      "silencing_tier": "weak",
      "geometry_iia": 0.04,
      "alpha": 1.409039613386177,
      "choice_decoding": 0.9156626506024096,
      "subspace_variance_frac": 0.33377553872640947
    },
    {
      "region": "PL",
      "silencing_effect": 0.04,
      "silencing_tier": "weak",
      "geometry_iia": 0.0925,
      "alpha": 1.130700200033965,
      "choice_decoding": 0.8475846848304143,
      "subspace_variance_frac": 0.4136525502257154
    },
    {
      "region": "ILA",
      "silencing_effect": 0.03,
      "silencing_tier": "weak",
      "geometry_iia": 0.02666666666666667,
      "alpha": 0.9309503370938712,
      "choice_decoding": 0.933001819846762,
      "subspace_variance_frac": 0.26854862788530615
    }
  ],
  "all_region_alphas": {
    "ACA": 2.1205139073528225,
    "ACB": 1.7588336357429313,
    "APN": 0.9335344816268858,
    "AUD": 0.7067552126572578,
    "BLA": 1.369010711438632,
    "BMA": 1.1115329793376552,
    "CA": 0.8887542319555799,
    "CA1": 0.7793275147198602,
    "CA2": 1.067127914356581,
    "CA3": 1.3515941005025518,
    "CL": 16.179496531192765,
    "COA": 0.6162557539821089,
    "CP": 44.82318371482288,
    "DG": 3.6561532223398903,
    "DP": 25.985119526508477,
    "EP": 1.3596078692160052,
    "EPd": 16.33332292765154,
    "GPe": 2.243100456491281,
    "IC": 3.432645349669124,
    "ILA": 0.9309503370938712,
    "LD": 2.177056893355092,
    "LGd": 0.8942060000914109,
    "LH": 6.56322093127161,
    "LP": 0.9293238784070129,
    "LS": 1.0720086101846364,
    "LSc": 2.230121913582271,
    "LSr": 0.557855743698717,
    "MB": 1.2318936666352247,
    "MD": 0.9595612371771872,
    "MEA": 3.015372112824218,
    "MG": 0.7393224928435118,
    "MOp": 0.6853623469946726,
    "MOs": 2.053018578302266,
    "MRN": 3.0900650198597446,
    "MS": 5.027771474640493,
    "NB": 2.7769943756635893,
    "OLF": 1.0373347197139966,
    "ORB": 55.18998989193372,
    "ORBm": 1.43464699693683,
    "OT": 103.12560978616595,
    "PAG": 17.616658913279,
    "PIR": 1.9193763274974733,
    "PL": 1.130700200033965,
    "PO": 0.6706185108166515,
    "POL": 1.1635219835314676,
    "POST": 0.8520932287140452,
    "PT": 3.019158752211245,
    "RN": 2.2897744530897124,
    "RSP": 2.0081489625731392,
    "RT": 21.945251074382103,
    "SCig": 0.7664421405170082,
    "SCm": 37.76748508951897,
    "SCs": 4.4989055359000565,
    "SCsg": 27.834700447465085,
    "SI": 44.37195011819051,
    "SNr": 1.0443571024315688,
    "SPF": 6.120779055041809,
    "SSp": 58.23208762548126,
    "SSs": 1.409039613386177,
    "SUB": 1.3216813245706869,
    "TH": 0.7676359605470745,
    "TT": 2.4330516858974,
    "VAL": 1.4827535051729457,
    "VISa": 1.4330384360122923,
    "VISam": 1.073827707989669,
    "VISl": 0.8545630492066708,
    "VISp": 1.073187017483878,
    "VISpm": 0.6805743691219568,
    "VISrl": 0.9091709593647094,
    "VPL": 1.5635123696136217,
    "VPM": 1.0222622923103526,
    "ZI": 5.38760943810544,
    "root": 5.653194627493045
  },
  "all_region_iia": {
    "ACA": 0.11089027131580326,
    "ACB": 0.08,
    "APN": 0.04,
    "AUD": 0.0,
    "BLA": 0.07,
    "BMA": 0.04,
    "CA": 0.0,
    "CA1": 0.09739152936470236,
    "CA2": 0.02,
    "CA3": 0.1325,
    "CL": 0.02702702702702703,