{
  "timestamp": "2026-06-21T23:50:04.361741",
  "n_matched": 0,
  "matched_regions": [],
  "tests": {},
  "per_region": [],
  "coord_effects": {
    "1": {
      "coord": [
        0.0,
        0.0
      ],
      "n_trials": 80,
      "delta_left": 0.10099231754161331,
      "delta_right": 0.08575544174135719,
      "delta_nogo": -0.18674775928297058,
      "total_effect": 0.22897198428605123,
      "abs_bias": 0.015236875800256122
    },
    "2": {
      "coord": [
        0.0,
        0.0
      ],
      "n_trials": 93,
      "delta_left": -0.20949155342612863,
      "delta_right": 0.22365866754780883,
      "delta_nogo": -0.014167114121680258,
      "total_effect": 0.3067745387881636,
      "abs_bias": 0.43315022097393746
    },
    "3": {
      "coord": [
        0.0,
        0.0
      ],
      "n_trials": 80,
      "delta_left": -0.2115076824583867,
      "delta_right": 0.22325544174135725,
      "delta_nogo": -0.01174775928297056,
      "total_effect": 0.3077604618111575,
      "abs_bias": 0.43476312419974394
    },
    "4": {
      "coord": [
        0.0,
        0.0
      ],
      "n_trials": 76,
      "delta_left": -0.08979715614259723,
      "delta_right": 0.12391333647819935,
      "delta_nogo": -0.03411618033560215,
      "total_effect": 0.15678634497030908,
      "abs_bias": 0.21371049262079658
    },
    "5": {
      "coord": [
        0.0,
        0.0
      ],
      "n_trials": 66,
      "delta_left": -0.04673495518565943,
      "delta_right": 0.09560392658984207,
      "delta_nogo": -0.04886897140418267,
      "total_effect": 0.11710014168097463,
      "abs_bias": 0.1423388817755015
    },
    "6": {
      "coord": [
        0.0,
        0.0
      ],
      "n_trials": 106,
      "delta_left": -0.18910202208102822,
      "delta_right": 0.20509506438286662,
      "delta_nogo": -0.01599304230183851,
      "total_effect": 0.2794268018487387,
      "abs_bias": 0.39419708646389484
    },
    "7": {
      "coord": [
        0.0,
        0.0
      ],
      "n_trials": 95,
      "delta_left": -0.21084978772154458,
      "delta_right": 0.21075544174135719,
      "delta_nogo": 9.434598018731588e-05,
      "total_effect": 0.29811993913017454,
      "abs_bias": 0.4216052294629018
    },
    "8": {
      "coord": [
        0.0,
        0.0
      ],
      "n_trials": 71,
      "delta_left": -0.20358514724711907,
      "delta_right": 0.13188220230473746,
      "delta_nogo": 0.07170294494238155,
      "total_effect": 0.25294493427975395,
      "abs_bias": 0.33546734955185653
    },
    "9": {
      "coord": [
        0.0,
        0.0
      ],
      "n_trials": 81,
      "delta_left": 0.034634292850255266,
      "delta_right": 0.005817170136418914,
      "delta_nogo": -0.04045146298667429,
      "total_effect": 0.053569530214437826,
      "abs_bias": 0.02881712271383635
    },
    "10": {
      "coord": [
        0.0,
        0.0
      ],
      "n_trials": 66,
      "delta_left": -0.09218950064020487,
      "delta_right": 0.15620998719590262,
      "delta_nogo": -0.06402048655569786,
      "total_effect": 0.1923514669215254,
      "abs_bias": 0.2483994878361075
    },
    "11": {
      "coord": [
        0.0,
        0.0
      ],
      "n_trials": 164,
      "delta_left": -0.10937353611692327,
      "delta_right": 0.06807251491208893,
      "delta_nogo": 0.04130102120483431,
      "total_effect": 0.13528566827915905,
      "abs_bias": 0.1774460510290122
    },
    "12": {
      "coord": [
        0.0,
        0.0
      ],
      "n_trials": 87,
      "delta_left": -0.14757090084919128,
      "delta_right": 0.0015600394425066555,
      "delta_nogo": 0.14601086140668462,
      "total_effect": 0.20760244735846944,
      "abs_bias": 0.14913094029169793
    },
    "13": {
      "coord": [
        0.0,
        0.0
      ],
      "n_trials": 81,
      "delta_left": -0.06413113924851016,
      "delta_right": 0.1292739602598757,
      "delta_nogo": -0.06514282101136565,
      "total_effect": 0.15832923593544732,
      "abs_bias": 0.19340509950838586
    },
    "14": {
      "coord": [
        0.0,
        0.0
      ],
      "n_trials": 52,
      "delta_left": -0.004776913227617474,
      "delta_right": 0.0530631340490495,
      "delta_nogo": -0.048286220821432135,
      "total_effect": 0.07190322813551342,
      "abs_bias": 0.05784004727666697
    },
    "15": {
      "coord": [
        0.0,
        0.0
      ],
      "n_trials": 149,
      "delta_left": 0.014582921568458973,
      "delta_right": 0.03357423368766593,
      "delta_nogo": -0.048157155256124906,
      "total_effect": 0.06048968814226394,
      "abs_bias": 0.01899131211920696
    },
    "16": {
      "coord": [
        0.0,
        0.0
      ],
      "n_trials": 87,
      "delta_left": 0.01334863938069375,
      "delta_right": 0.04753705093675953,
      "delta_nogo": -0.060885690317453334,
      "total_effect": 0.07839020774632957,
      "abs_bias": 0.03418841155606578
    },
    "17": {
      "coord": [
        0.0,
        0.0
      ],
      "n_trials": 76,
      "delta_left": 0.08125547543635014,
      "delta_right": 0.005492283846620372,
      "delta_nogo": -0.08674775928297057,
      "total_effect": 0.11898651692883255,
      "abs_bias": 0.07576319158972977
    },
    "18": {
      "coord": [
        0.0,
        0.0
      ],
      "n_trials": 82,
      "delta_left": 0.018675244370881583,
      "delta_right": 0.013194466131601135,
      "delta_nogo": -0.03186971050248277,
      "total_effect": 0.03922419070321496,
      "abs_bias": 0.005480778239280448
    },
    "19": {
      "coord": [
        0.0,
        0.0
      ],
      "n_trials": 79,
      "delta_left": 0.10573915298465131,
      "delta_right": -0.02215595066370607,
      "delta_nogo": -0.08358320232094524,
      "total_effect": 0.13659358086655513,
      "abs_bias": 0.12789510364835738
    },
    "20": {
      "coord": [
        0.0,
        0.0
      ],
      "n_trials": 91,
      "delta_left": 0.03368462523392102,
      "delta_right": 0.006359837345752795,
      "delta_nogo": -0.04004446257967387,
      "total_effect": 0.052713001162038205,
      "abs_bias": 0.027324787888168223
    },
    "21": {
      "coord": [
        0.0,
        0.0
      ],
      "n_trials": 60,
      "delta_left": 0.04265898420827996,
      "delta_right": 0.12742210840802393,
      "delta_nogo": -0.1700810926163039,
      "total_effect": 0.21675737752239077,
      "abs_bias": 0.08476312419974397
    },
    "22": {
      "coord": [
        0.0,
        0.0
      ],
      "n_trials": 57,
      "delta_left": 0.05932565087494662,
      "delta_right": 0.014264213671181747,
      "delta_nogo": -0.07358986454612848,
      "total_effect": 0.09559533883673785,
      "abs_bias": 0.045061437203764876
    },
    "23": {
      "coord": [
        0.0,
        0.0
      ],
      "n_trials": 69,
      "delta_left": -0.013138117240995395,
      "delta_right": 0.031045296813820955,
      "delta_nogo": -0.01790717957282567,
      "total_effect": 0.03817181760343365,
      "abs_bias": 0.04418341405481635
    },
    "24": {
      "coord": [
        0.0,
        0.0
      ],
      "n_trials": 93,
      "delta_left": -0.06970660718956947,
      "delta_right": 0.0838737213112497,
      "delta_nogo": -0.014167114121680258,
      "total_effect": 0.109975085064822,
      "abs_bias": 0.15358032850081918
    },
    "25": {
      "coord": [
        0.0,
        0.0
      ],
      "n_trials": 92,
      "delta_left": -0.03487724767577799,
      "delta_right": 0.12162500695874856,
      "delta_nogo": -0.08674775928297057,
      "total_effect": 0.15340873007677694,
      "abs_bias": 0.15650225463452655
    },
    "26": {
      "coord": [
        0.0,
        0.0
      ],
      "n_trials": 89,
      "delta_left": -0.1391762217842294,
      "delta_right": 0.1051374642132673,
      "delta_nogo": 0.03403875757096203,
      "total_effect": 0.1777147830325429,
      "abs_bias": 0.2443136859974967
    },
    "27": {
      "coord": [
        0.0,
        0.0
      ],
      "n_trials": 62,