{
  "timestamp": "2026-06-21T15:28:07.473195",
  "mechval_criterion": "I2 Sufficiency",
  "mechval_threshold": "recovery_fraction >= 0.70",
  "n_regions": 24,
  "regions_passing_sufficiency": 20,
  "overall_mean_recovery": 1.1597765848876003,
  "overall_mean_restoration": 0.07696984971514441,
  "per_region": {
    "ACA": {
      "n_sessions": 3,
      "mean_full_accuracy": 0.565257412838058,
      "mean_restricted_accuracy": 0.6794782502443794,
      "mean_recovery_fraction": 1.1365754555266332,
      "mean_restoration_flip_rate": 0.08659814265636452,
      "sufficiency_pass": true
    },
    "CA3": {
      "n_sessions": 1,
      "mean_full_accuracy": 0.4741935483870968,
      "mean_restricted_accuracy": 0.5377016129032258,
      "mean_recovery_fraction": null,
      "mean_restoration_flip_rate": 0.07692307692307693,
      "sufficiency_pass": false
    },
    "DG": {
      "n_sessions": 4,
      "mean_full_accuracy": 0.5881370309797729,
      "mean_restricted_accuracy": 0.6739929928942026,
      "mean_recovery_fraction": 1.1502046666350032,
      "mean_restoration_flip_rate": 0.08037508321733342,
      "sufficiency_pass": true
    },
    "LS": {
      "n_sessions": 1,
      "mean_full_accuracy": 0.4685483870967742,
      "mean_restricted_accuracy": 0.589516129032258,
      "mean_recovery_fraction": null,
      "mean_restoration_flip_rate": 0.02564102564102564,
      "sufficiency_pass": false
    },
    "MOs": {
      "n_sessions": 3,
      "mean_full_accuracy": 0.6273623330074942,
      "mean_restricted_accuracy": 0.6945320136852394,
      "mean_recovery_fraction": 1.1187631194888459,
      "mean_restoration_flip_rate": 0.07785040381421184,
      "sufficiency_pass": true
    },
    "SUB": {
      "n_sessions": 3,
      "mean_full_accuracy": 0.5601722873900293,
      "mean_restricted_accuracy": 0.6838424568263277,
      "mean_recovery_fraction": 1.2203273727048112,
      "mean_restoration_flip_rate": 0.08052210050636487,
      "sufficiency_pass": true
    },
    "VISp": {
      "n_sessions": 3,
      "mean_full_accuracy": 0.585556088177056,
      "mean_restricted_accuracy": 0.6704946487204552,
      "mean_recovery_fraction": 1.149067303012861,
      "mean_restoration_flip_rate": 0.08958724202626643,
      "sufficiency_pass": true
    },
    "root": {
      "n_sessions": 3,
      "mean_full_accuracy": 0.6451836917562724,
      "mean_restricted_accuracy": 0.6469391495601172,
      "mean_recovery_fraction": 1.0092285386760402,
      "mean_restoration_flip_rate": 0.15796844051346326,
      "sufficiency_pass": true
    },
    "CA1": {
      "n_sessions": 4,
      "mean_full_accuracy": 0.5503535275208662,
      "mean_restricted_accuracy": 0.6623176554628167,
      "mean_recovery_fraction": 1.116822469755532,
      "mean_restoration_flip_rate": 0.06831943500211084,
      "sufficiency_pass": true
    },
    "POST": {
      "n_sessions": 2,
      "mean_full_accuracy": 0.5091127622377623,
      "mean_restricted_accuracy": 0.6630681818181818,
      "mean_recovery_fraction": 1.3017033476684379,
      "mean_restoration_flip_rate": 0.11378008494572912,
      "sufficiency_pass": true
    },
    "VISl": {
      "n_sessions": 1,
      "mean_full_accuracy": 0.49109848484848484,
      "mean_restricted_accuracy": 0.6198863636363636,
      "mean_recovery_fraction": null,
      "mean_restoration_flip_rate": 0.06134969325153374,
      "sufficiency_pass": false
    },
    "VISpm": {
      "n_sessions": 1,
      "mean_full_accuracy": 0.5587121212121212,
      "mean_restricted_accuracy": 0.6077651515151515,
      "mean_recovery_fraction": 1.0877966101694916,
      "mean_restoration_flip_rate": 0.049079754601226995,
      "sufficiency_pass": true
    },
    "MG": {
      "n_sessions": 1,
      "mean_full_accuracy": 0.5076923076923078,
      "mean_restricted_accuracy": 0.6615384615384615,
      "mean_recovery_fraction": 1.3030303030303028,
      "mean_restoration_flip_rate": 0.007692307692307693,
      "sufficiency_pass": true
    },
    "MRN": {
      "n_sessions": 1,
      "mean_full_accuracy": 0.5923076923076923,
      "mean_restricted_accuracy": 0.6615384615384615,
      "mean_recovery_fraction": 1.1168831168831168,
      "mean_restoration_flip_rate": 0.23076923076923078,
      "sufficiency_pass": true
    },
    "NB": {
      "n_sessions": 1,
      "mean_full_accuracy": 0.5461538461538462,
      "mean_restricted_accuracy": 0.6692307692307692,
      "mean_recovery_fraction": 1.225352112676056,
      "mean_restoration_flip_rate": 0.1076923076923077,
      "sufficiency_pass": true
    },
    "SPF": {
      "n_sessions": 1,
      "mean_full_accuracy": 0.623076923076923,
      "mean_restricted_accuracy": 0.6538461538461539,
      "mean_recovery_fraction": 1.049382716049383,
      "mean_restoration_flip_rate": 0.13846153846153847,
      "sufficiency_pass": true
    },
    "VISam": {
      "n_sessions": 1,
      "mean_full_accuracy": 0.49230769230769234,
      "mean_restricted_accuracy": 0.6692307692307692,
      "mean_recovery_fraction": null,
      "mean_restoration_flip_rate": 0.08461538461538462,
      "sufficiency_pass": false
    },
    "LGd": {
      "n_sessions": 1,
      "mean_full_accuracy": 0.5486742424242423,
      "mean_restricted_accuracy": 0.6886363636363636,
      "mean_recovery_fraction": 1.2550914739385572,
      "mean_restoration_flip_rate": 0.03048780487804878,
      "sufficiency_pass": true
    },
    "LSr": {
      "n_sessions": 1,
      "mean_full_accuracy": 0.6526515151515151,
      "mean_restricted_accuracy": 0.7073863636363635,
      "mean_recovery_fraction": 1.0838653511317469,
      "mean_restoration_flip_rate": 0.06707317073170732,
      "sufficiency_pass": true
    },
    "TH": {
      "n_sessions": 1,
      "mean_full_accuracy": 0.6587121212121212,
      "mean_restricted_accuracy": 0.7134469696969697,
      "mean_recovery_fraction": 1.0830937320299023,
      "mean_restoration_flip_rate": 0.04878048780487805,
      "sufficiency_pass": true
    },
    "VISa": {
      "n_sessions": 2,
      "mean_full_accuracy": 0.5630773460410556,
      "mean_restricted_accuracy": 0.7054068914956011,
      "mean_recovery_fraction": 1.2648661261156158,
      "mean_restoration_flip_rate": 0.05828088119590873,
      "sufficiency_pass": true
    },
    "VPL": {
      "n_sessions": 1,
      "mean_full_accuracy": 0.5613636363636363,
      "mean_restricted_accuracy": 0.6950757575757576,
      "mean_recovery_fraction": 1.2381916329284752,
      "mean_restoration_flip_rate": 0.07317073170731707,
      "sufficiency_pass": true
    },
    "OLF": {
      "n_sessions": 1,
      "mean_full_accuracy": 0.5741935483870967,
      "mean_restricted_accuracy": 0.7161290322580645,
      "mean_recovery_fraction": 1.2471910112359552,
      "mean_restoration_flip_rate": 0.0,
      "sufficiency_pass": true
    },
    "ORB": {
      "n_sessions": 1,
      "mean_full_accuracy": 0.6774193548387096,
      "mean_restricted_accuracy": 0.7032258064516128,
      "mean_recovery_fraction": 1.038095238095238,
      "mean_restoration_flip_rate": 0.03225806451612903,
      "sufficiency_pass": true
    }
  },
  "raw_entries": {
    "ACA": [
      {
        "full_accuracy": 0.4548387096774194,
        "restricted_accuracy": 0.6280241935483871,
        "recovery_fraction": null,
        "restoration_flip_rate": 0.1282051282051282,
        "n_neurons": 109,
        "n_trials": 156
      },
      {
        "full_accuracy": 0.628030303030303,
        "restricted_accuracy": 0.7136363636363636,
        "recovery_fraction": 1.1363088057901085,
        "restoration_flip_rate": 0.06707317073170732,
        "n_neurons": 304,
        "n_trials": 164
      },
      {
        "full_accuracy": 0.6129032258064515,
        "restricted_accuracy": 0.696774193548387,
        "recovery_fraction": 1.1368421052631579,
        "restoration_flip_rate": 0.06451612903225806,
        "n_neurons": 53,
        "n_trials": 155
      }
    ],
    "CA3": [
      {
        "full_accuracy": 0.4741935483870968,