{
  "timestamp": "2026-06-21T06:30:15.513333",
  "n_pairs": 1316,
  "original": {
    "spearman_rho": -0.8498667789134406,
    "p_value": 0.0
  },
  "bootstrap": {
    "n_resamples": 10000,
    "ci_95_lower": -0.8672349361806495,
    "ci_95_upper": -0.8303459969216992,
    "mean_rho": -0.8494640566383581,
    "std_rho": 0.00942511213553807
  },
  "leave_one_mouse_out": {
    "Cori": {
      "rho": -0.8492955769671237,
      "p_value": 1.66258895385887e-310,
      "n": 1113
    },
    "Forssmann": {
      "rho": -0.8518225868010423,
      "p_value": 5.0367559568853216e-294,
      "n": 1041
    },
    "Hench": {
      "rho": -0.8440119365897095,
      "p_value": 4.309535949149946e-286,
      "n": 1051
    },
    "Lederberg": {
      "rho": -0.8354539852511429,
      "p_value": 1.4442486005406687e-232,
      "n": 888
    },
    "Moniz": {
      "rho": -0.842305729768998,
      "p_value": 1.257987011416751e-302,
      "n": 1121
    },
    "Muller": {
      "rho": -0.8469290794527635,
      "p_value": 1.6634922428884348e-306,
      "n": 1111
    },
    "Radnitz": {
      "rho": -0.8534380140240486,
      "p_value": 1.8071450839877962e-293,
      "n": 1031
    },
    "Richards": {
      "rho": -0.8462411474341447,
      "p_value": 4.263029007586211e-289,
      "n": 1051
    },
    "Tatum": {
      "rho": -0.8525289998048494,
      "p_value": 7.307378182635213e-296,
      "n": 1044
    },
    "Theiler": {
      "rho": -0.8715618006853376,
      "p_value": 0.0,
      "n": 1188
    }
  },
  "leave_one_region_out": {
    "n_regions": 50,
    "rho_min": -0.8634589579340304,
    "rho_max": -0.8407139861842756,
    "all_significant": true,
    "details": {
      "ACA": {
        "rho": -0.8482397899016915,
        "p_value": 0.0,
        "n": 1261
      },
      "ACB": {
        "rho": -0.8498983082468724,
        "p_value": 0.0,
        "n": 1313
      },
      "APN": {
        "rho": -0.8496530525774069,
        "p_value": 0.0,
        "n": 1315
      },
      "BLA": {
        "rho": -0.8497078194453832,
        "p_value": 0.0,
        "n": 1315
      },
      "CA1": {
        "rho": -0.8569131038931905,
        "p_value": 0.0,
        "n": 1126
      },
      "CA3": {
        "rho": -0.8519359402922665,
        "p_value": 0.0,
        "n": 1288
      },
      "CP": {
        "rho": -0.8478230148673349,
        "p_value": 0.0,
        "n": 1306
      },
      "DG": {
        "rho": -0.8485413867718089,
        "p_value": 0.0,
        "n": 1196
      },
      "GPe": {
        "rho": -0.8497869531742297,
        "p_value": 0.0,
        "n": 1313
      },
      "ILA": {
        "rho": -0.8504161133106808,
        "p_value": 0.0,
        "n": 1313
      },
      "LD": {
        "rho": -0.849388575875899,
        "p_value": 0.0,
        "n": 1306
      },
      "LGd": {
        "rho": -0.8506783802091928,
        "p_value": 0.0,
        "n": 1288
      },
      "LP": {
        "rho": -0.851025060954862,
        "p_value": 0.0,
        "n": 1271
      },
      "LS": {
        "rho": -0.850741341161025,
        "p_value": 0.0,
        "n": 1313
      },
      "LSr": {
        "rho": -0.8499514734308656,
        "p_value": 0.0,
        "n": 1315
      },
      "MB": {
        "rho": -0.846730197723726,
        "p_value": 0.0,
        "n": 1301
      },
      "MD": {
        "rho": -0.8501185797664297,
        "p_value": 0.0,
        "n": 1313
      },
      "MG": {
        "rho": -0.8495836625651676,
        "p_value": 0.0,
        "n": 1315
      },
      "MOp": {
        "rho": -0.8488353377988599,
        "p_value": 0.0,
        "n": 1313
      },
      "MOs": {
        "rho": -0.8548457709393424,
        "p_value": 0.0,
        "n": 1180
      },
      "MRN": {
        "rho": -0.8407139861842756,
        "p_value": 0.0,
        "n": 1261
      },
      "OLF": {
        "rho": -0.8503732648604998,
        "p_value": 0.0,
        "n": 1315
      },
      "ORB": {
        "rho": -0.8491290326182158,
        "p_value": 0.0,
        "n": 1306
      },
      "PAG": {
        "rho": -0.8497714625777589,
        "p_value": 0.0,
        "n": 1315
      },
      "PL": {
        "rho": -0.8498115763100416,
        "p_value": 0.0,
        "n": 1288
      },
      "PO": {
        "rho": -0.8477689557006678,
        "p_value": 0.0,
        "n": 1306
      },
      "POL": {
        "rho": -0.8497659597875282,
        "p_value": 0.0,
        "n": 1313
      },
      "POST": {
        "rho": -0.8487546072950497,
        "p_value": 0.0,
        "n": 1310
      },
      "RSP": {
        "rho": -0.8523005442355617,
        "p_value": 0.0,
        "n": 1280
      },
      "RT": {
        "rho": -0.849837169098589,
        "p_value": 0.0,
        "n": 1315
      },
      "SCig": {
        "rho": -0.8478895902058072,
        "p_value": 0.0,
        "n": 1310
      },
      "SCm": {
        "rho": -0.8513460910678838,
        "p_value": 0.0,
        "n": 1295
      },
      "SCs": {
        "rho": -0.8502631841170003,
        "p_value": 0.0,
        "n": 1310
      },
      "SCsg": {
        "rho": -0.8495463509380056,
        "p_value": 0.0,
        "n": 1313
      },
      "SNr": {
        "rho": -0.8488949504501309,
        "p_value": 0.0,
        "n": 1310
      },
      "SPF": {
        "rho": -0.8499468505963745,
        "p_value": 0.0,
        "n": 1315
      },
      "SSp": {
        "rho": -0.84894743234199,
        "p_value": 0.0,
        "n": 1310
      },
      "SUB": {
        "rho": -0.8423798438292504,
        "p_value": 0.0,
        "n": 1280
      },
      "TH": {
        "rho": -0.8521686934511168,
        "p_value": 0.0,
        "n": 1288
      },
      "TT": {
        "rho": -0.8502976438125449,
        "p_value": 0.0,
        "n": 1313
      },
      "VISa": {
        "rho": -0.8488785827211038,
        "p_value": 0.0,
        "n": 1306
      },
      "VISam": {
        "rho": -0.8472238714825349,
        "p_value": 0.0,
        "n": 1261
      },
      "VISl": {
        "rho": -0.8494275580568927,
        "p_value": 0.0,
        "n": 1313
      },
      "VISp": {
        "rho": -0.85742665614506,
        "p_value": 0.0,
        "n": 1250
      },
      "VISpm": {
        "rho": -0.8491383998117976,
        "p_value": 0.0,
        "n": 1310
      },
      "VISrl": {
        "rho": -0.8498721042176874,
        "p_value": 0.0,
        "n": 1315
      },
      "VPL": {
        "rho": -0.8482448304809406,
        "p_value": 0.0,
        "n": 1310
      },
      "VPM": {
        "rho": -0.8483672384085351,
        "p_value": 0.0,
        "n": 1310
      },
      "ZI": {
        "rho": -0.849909299659659,
        "p_value": 0.0,
        "n": 1310
      },
      "root": {
        "rho": -0.8634589579340304,
        "p_value": 0.0,
        "n": 1085
      }
    }
  },
  "partial_correlations": {
    "controlling_neuron_count": 0.13424390329871028,
    "controlling_power_law_alpha": 0.4375380659407521,
    "controlling_both": 0.19613477363520734,
    "interpretation": "If partial correlations remain strongly negative, the dissociation is not explained by neuron count or effective dimensionality differences."
  },
  "hsic_independence_test": {
    "hsic_statistic": 0.04130352362131476,
    "permutation_p_value": 0.0,
    "interpretation": "HSIC tests nonlinear dependence. p < 0.05 means CKA and Procrustes are not independent even under nonlinear mappings."
  }
}